Imagens,Nome,Descrição,Categorias,encontrado
https://github.com/Lucas-Henrique-Lopes-Costa/azeveedo/blob/main/BANHEIRO/ARMARIO KIT BERGAMO SUSPENSO 2 PORTAS ESPELHO + PIA TP 63.5CM A.J RORATO.png?raw=true,ARMARIO KIT BERGAMO SUSPENSO 2 PORTAS ESPELHO + PIA TP 63.5CM A.J RORATO,"Com design elegante com pia de apoio, cores neutras, os armários da Linha Bérgamo se adequam ao ambiente e formam uma composição harmoniosa entre armário, pia e espelheiro. Sua pia de apoio em mármore sintético, além de prática e de fácil limpeza, possui formato arredondado se contrastando com as linhas retas e puras do armário, trazendo harmonia e sofisticação ao conjunto. ",Banheiro,True
https://github.com/Lucas-Henrique-Lopes-Costa/azeveedo/blob/main/BANHEIRO/ARMARIO KIT FIRENZE SUSPENSO ESPELHO + PIA + LOUÇA NOGAL 63.5CM A.J RORATO.png?raw=true,ARMARIO KIT FIRENZE SUSPENSO ESPELHO + PIA + LOUÇA NOGAL 63.5CM A.J RORATO,"Com este conjunto você poderá juntar o útil ao agradável, com espaço para guardar seus utensílios. Além de deixar seu banheiro ainda mais bonito. ( O conjunto acompanha cuba/pia).",Banheiro,True
https://github.com/Lucas-Henrique-Lopes-Costa/azeveedo/blob/main/BANHEIRO/ARMARIO KIT TREVISO COM PIA MÁRMORE QUINTO NOGAL 63.5CM A.J RORATO.png?raw=true,ARMARIO KIT TREVISO COM PIA MÁRMORE QUINTO NOGAL 63.5CM A.J RORATO,"O armário kit Treviso possui composição harmoniosa entre espelheiro e armário, com design estilo ripado que o deixa mais moderno e bonito além de prático, com sua gaveta interna que facilita na organização dos objetos, nicho inferior com ótimo espaço interno e porta de bascular com pistão a gás para uma abertura suave. Sua estrutura é 100% em MDP – BP amadeirado ou texturizado, e possui várias opções de tampo e cuba de sobrepor se adequando a todos os tipos de ambientes, e ao gosto do cliente. Comprimento 63.5 cm Altura 53.8 cm Largura 36 cm",Banheiro,True
https://github.com/Lucas-Henrique-Lopes-Costa/azeveedo/blob/main/BANHEIRO/ARMARIO METALON 60.4X55CM COM ESPELHEIRA CIMENTO MGM.png?raw=true,ARMARIO METALON 60.4X55CM COM ESPELHEIRA CIMENTO MGM,"Possui espelheira com 1 prateleira e gabinete com 1 porta, puxador em ABS, estrutura 100% MDF, amplo espaço interno, lavatório 100% mármore sintético com mais durabilidade e resistência. Não acompanha torneira. Dimensões: - Gabinete: A:55cm L:60,4cm C:34,1cm - Espelheira: A:54,2cm L:39cm C:14,3",Banheiro,True
https://github.com/Lucas-Henrique-Lopes-Costa/azeveedo/blob/main/BANHEIRO/ARMARIO SENSE 60CM TITANIUM/FREIJO MGM.png?raw=true,ARMARIO SENSE 60CM TITANIUM_FREIJO MGM,"Gabinete de Banheiro Sense 60cm Titanium/Freijo - MGM.
Cor: Titanium/Freijo
Fabricante: MGM
Altura (cm): 66,5
Largura (cm): 61,3
Linha: DECOR
Marca: MGM Móveis
Modelo: Sense
Estrutura: 100 % MDF
Acabamento: Pintura",Banheiro,False
https://github.com/Lucas-Henrique-Lopes-Costa/azeveedo/blob/main/BANHEIRO/ARMARIO VITTA 60CM METALON PISTACHE MGM.png?raw=true,ARMARIO VITTA 60CM METALON PISTACHE MGM,"O Gabinete Suspenso para Banheiro Vitta 67,9x61,3cm Pistache da MGM Móveis possui estrutura 100% em MDF, tem um amplo espaço interno. Seu lavatório é 100% mármore sintético com mais durabilidade e resistência. Seu design é inovador e sutil, combinando com diversos projetos. A MGM Móveis surgiu em abril de 2004, iniciado suas atividades em um pequeno galpão e com uma produção 100% artesanal. Hoje a MGM Móveis conta com uma moderna fábrica e produz cerca de 30 mil peças por mês, em material de qualidade e sempre buscando inovação e designs exclusivos. Seus produtos são fabricados 100% em MDF reflorestado, respeitando o meio ambiente e o desenvolvimento sustentável.",Banheiro,True
https://github.com/Lucas-Henrique-Lopes-Costa/azeveedo/blob/main/BANHEIRO/BACIA COM CAIXA ACOPLADA IZY BRANCO DUAL FLUX DECA.png?raw=true,BACIA COM CAIXA ACOPLADA IZY BRANCO DUAL FLUX DECA,,Banheiro,True
https://github.com/Lucas-Henrique-Lopes-Costa/azeveedo/blob/main/BANHEIRO/BACIA COM CAIXA ACOPLADA WAY BRANCA DUAL FLUX LORENZETTI.png?raw=true,BACIA COM CAIXA ACOPLADA WAY BRANCA DUAL FLUX LORENZETTI,,Banheiro,True
https://github.com/Lucas-Henrique-Lopes-Costa/azeveedo/blob/main/BANHEIRO/BACIA COM CAIXA ACOPLADA ZIP BRANCA DUAL FLUX INCEPA.png?raw=true,BACIA COM CAIXA ACOPLADA ZIP BRANCA DUAL FLUX INCEPA,,Banheiro,True
https://github.com/Lucas-Henrique-Lopes-Costa/azeveedo/blob/main/BANHEIRO/CUBA APOIO REDONDA 350MM BRANCO GELO DECA.png?raw=true,CUBA APOIO REDONDA 350MM BRANCO GELO DECA,,Banheiro,True
https://github.com/Lucas-Henrique-Lopes-Costa/azeveedo/blob/main/BANHEIRO/CUBA APOIO RETANGULAR 35X31CM BRANCA NW DECA.png?raw=true,CUBA APOIO RETANGULAR 35X31CM BRANCA NW DECA,"A Cubas de apoio Retangular Deca oferece funcionalidade, resistência e beleza sem igual. Fundamental para complementar de forma sofisticada o ambiente, as cubas de apoio são adequadas tanto para espaços amplos como para ambientes menores, garantindo uma maior eficiência do espaço com graça e leveza. Possui deck com 3 furos apontados para possível utilização de torneiras, monocomandos e misturados de mesa. Produto possui aplicação que garante ao ambiente uma maior sofisticação e modernidade.",Banheiro,True
https://github.com/Lucas-Henrique-Lopes-Costa/azeveedo/blob/main/BANHEIRO/CUBA APOIO SOLO REDONDA BRANCA FOSCO JAPI.png?raw=true,CUBA APOIO SOLO REDONDA BRANCA FOSCO JAPI,"A peça possue borda fina e um relevo que a deixa delicada e elegante. O nome e as cores foram inspirados em elementos naturais, como sal, carvão, pedra e areia, alinhado ao conceito de volta ao natural que é uma forte tendência do momento.

",Banheiro,True
https://github.com/Lucas-Henrique-Lopes-Costa/azeveedo/blob/main/BANHEIRO/CUBA APOIO SOLO REDONDA CINZA FOSCO JAPI.png?raw=true,CUBA APOIO SOLO REDONDA CINZA FOSCO JAPI,"A peça possue borda fina e um relevo que a deixa delicada e elegante. O nome e as cores foram inspirados em elementos naturais, como sal, carvão, pedra e areia, alinhado ao conceito de volta ao natural que é uma forte tendência do momento.

",Banheiro,True
"https://github.com/Lucas-Henrique-Lopes-Costa/azeveedo/blob/main/BANHEIRO/CUBA APOIO VENEZA BRANCA 46X34X15,5CM JAPI.png?raw=true","CUBA APOIO VENEZA BRANCA 46X34X15,5CM JAPI","Cuba Apoio Retangular Louça 46cmx34,5cm Veneza Branca Japi Cor: Branco Acabamento: Esmaltado Diâmetro: 4.5 cm Quantidade de furos para torneira: 1 Peso: 8496 g A cuba Veneza, não só resolverá suas necessidades de higiene pessoal, além será um diferencial em seu banheiro e ajudará você a criar uma atmosfera agradável. Durável e fácil de usar Feita em cerâmica, este artefato oferece excelente qualidade e durabilidade, e também é uma oportunidade estética para decorar seu banheiro, ao qual trará personalida.",Banheiro,True
https://github.com/Lucas-Henrique-Lopes-Costa/azeveedo/blob/main/BANHEIRO/CUBA EMBUTIR OVAL 400X300MM BRANCO GELO DECA.png?raw=true,CUBA EMBUTIR OVAL 400X300MM BRANCO GELO DECA,"Benefícios - Perfeito escoamento: Fundo da cuba com inclinação ideal para escoamento, evitando o acúmulo de resíduos e água. - Versátil: Possibilidade de instalação em diversos tipos de ambientes. Especificações do Produto - Linha do produto: Linha L. - Devido a sua aplicação, proporciona maior facilidade da limpeza e espaço na bancada.",Banheiro,True
https://github.com/Lucas-Henrique-Lopes-Costa/azeveedo/blob/main/BANHEIRO/CUBA EMBUTIR OVAL 490X365MM BRANCO GELO DECA.png?raw=true,CUBA EMBUTIR OVAL 490X365MM BRANCO GELO DECA,"Benefícios - Perfeito escoamento: Fundo da cuba com inclinação ideal para escoamento, evitando o acúmulo de resíduos e água. - Versátil: Possibilidade de instalação em diversos tipos de ambientes. Especificações do Produto - Linha do produto: Linha L. - Devido a sua aplicação, proporciona maior facilidade da limpeza e espaço na bancada.",Banheiro,True
https://github.com/Lucas-Henrique-Lopes-Costa/azeveedo/blob/main/BANHEIRO/CUBA OVAL EMBUTIR BRANCA CBO-09 LORENZETTI.png?raw=true,CUBA OVAL EMBUTIR BRANCA CBO-09 LORENZETTI,"A Cuba de Embutir em formato oval, modelo CBO-09 na cor branca da Lorenzetti tem tamanho de 49,5x37cm e é produzida em cerâmica. Cuba que possui o melhor custo benefício do mercado. Modernidade, qualidade, baixo custo e permite melhor aproveitamento da bancada.",Banheiro,True
https://github.com/Lucas-Henrique-Lopes-Costa/azeveedo/blob/main/BANHEIRO/CUBA QUADRADA APOIO MESA BRANCA SA-02 LORENZETTI.png?raw=true,CUBA QUADRADA APOIO MESA BRANCA SA-02 LORENZETTI,"A Cuba de Apoio Quadrada 37cm Branca da Lorenzetti é perfeita para complementar de forma sofisticada e moderna banheiros, lavabos e suítes. Produto ideal para espaços amplos como para ambientes menores, garantindo uma maior eficiência do espaço seja em bancadas ou em gabinetes de banheiros.",Banheiro,True
https://github.com/Lucas-Henrique-Lopes-Costa/azeveedo/blob/main/BANHEIRO/CUBA RETÂNGULAR APOIO MESA BRANCA SA-01 LORENZETTI.png?raw=true,CUBA RETÂNGULAR APOIO MESA BRANCA SA-01 LORENZETTI,"A Cuba Apoio Lorenzetti AS-01 Retangular 40,5x37,5cm Branca possui bordas finas com design elegante e moderno, cantos internos arredondados que ajuda a evitar o acúmulo de sujeira e facilita a limpeza. Sua cor branca feita em cerâmica e com formato retangular traz muita leveza ao ambiente, deixando um banheiro ""clean"". Como recomendações de uso, sugerimos que sua limpeza seja feita apenas com pano úmido e em seguida um seco. Não é recomendado o uso de qualquer tipo de produto abrasivo.",Banheiro,True
https://github.com/Lucas-Henrique-Lopes-Costa/azeveedo/blob/main/BANHEIRO/ESPELHEIRA GOTA CAPPUCCINO MGM.png?raw=true,ESPELHEIRA GOTA CAPPUCCINO MGM,Espelheira Gota Cappuccino MGM,Banheiro,True
https://github.com/Lucas-Henrique-Lopes-Costa/azeveedo/blob/main/BANHEIRO/ESPELHEIRA LUA FREIJO MGM.png?raw=true,ESPELHEIRA LUA FREIJO MGM,"A Espelheira para Banheiro da Linha Lua na cor Cappuccino, tem tamanho de 60x60cm e profundidade 1,5cm. Possui alça diferenciada em couro sintético e design super atrativo, em seu kit já vem com gancho metálico na cor cobre fosco com parafusos e buchas para fixação na parede ou painel ripado.",Banheiro,True
https://github.com/Lucas-Henrique-Lopes-Costa/azeveedo/blob/main/BANHEIRO/ESPELHEIRA LUMINI FREIJO/COBRE MGM.png?raw=true,ESPELHEIRA LUMINI FREIJO_COBRE MGM,"A Espelheira para Banheiro da Linha Lumini na cor Freijo e Cobre, tem tamanho de 40,7x87,5cm e profundidade 2,3cm. Possui formato oval, com detalhe de estrutura metálica na cor cobre fosco, possui estrutura metálica na cor cobre fosco e ferragem para fixação na parede.",Banheiro,False
https://github.com/Lucas-Henrique-Lopes-Costa/azeveedo/blob/main/BANHEIRO/ESPELHEIRA MONET CIMENTO MGM.png?raw=true,ESPELHEIRA MONET CIMENTO MGM,ESPELHEIRA MONET CIMENTO MGM,Banheiro,True
"https://github.com/Lucas-Henrique-Lopes-Costa/azeveedo/blob/main/BANHEIRO/KIT BACIA COM CAIXA ACOPLADA
ART BRANCO DUAL FLUX - INCEPA.png?raw=true",KIT BACIA COM CAIXA ACOPLADA ART BRANCO DUAL FLUX INCEPA,"Linha Madeira

Tamanho 52x52

PEI 3",Banheiro,False
"https://github.com/Lucas-Henrique-Lopes-Costa/azeveedo/blob/main/BANHEIRO/KIT BACIA COM CAIXA ACOPLADA ASPEN BRANCO DUAL FLUX
DECA.png?raw=true",KIT BACIA COM CAIXA ACOPLADA ASPEN BRANCO DUAL FLUX DECA,,Banheiro,False
https://github.com/Lucas-Henrique-Lopes-Costa/azeveedo/blob/main/BANHEIRO/KIT BACIA COM CAIXA ACOPLADA BOSS BRANCO DUAL FLUX INCEPA.png?raw=true,KIT BACIA COM CAIXA ACOPLADA BOSS BRANCO DUAL FLUX INCEPA,,Banheiro,True
https://github.com/Lucas-Henrique-Lopes-Costa/azeveedo/blob/main/BANHEIRO/KIT BACIA COM CAIXA ACOPLADA CITY BRANCO DUAL FLUX COM SMART CLEAN CELITE.png?raw=true,KIT BACIA COM CAIXA ACOPLADA CITY BRANCO DUAL FLUX COM SMART CLEAN CELITE,,Banheiro,True
https://github.com/Lucas-Henrique-Lopes-Costa/azeveedo/blob/main/BANHEIRO/KIT BACIA COM CAIXA ACOPLADA FIT PLUS BRANCA DUAL FLUX CELITE.png?raw=true,KIT BACIA COM CAIXA ACOPLADA FIT PLUS BRANCA DUAL FLUX CELITE,,Banheiro,True
https://github.com/Lucas-Henrique-Lopes-Costa/azeveedo/blob/main/BANHEIRO/KIT BACIA COM CAIXA ACOPLADA LEVEL BRANCA DUAL FLUX DECA.png?raw=true,KIT BACIA COM CAIXA ACOPLADA LEVEL BRANCA DUAL FLUX DECA,,Banheiro,True
https://github.com/Lucas-Henrique-Lopes-Costa/azeveedo/blob/main/BANHEIRO/KIT BACIA COM CAIXA ACOPLADA LUNA BRANCA DUAL FLUX LORENZETTI.png?raw=true,KIT BACIA COM CAIXA ACOPLADA LUNA BRANCA DUAL FLUX LORENZETTI,,Banheiro,True
https://github.com/Lucas-Henrique-Lopes-Costa/azeveedo/blob/main/BANHEIRO/KIT BACIA COM CAIXA ACOPLADA ONE BRANCO DUAL FLUX LORENZETTI.png?raw=true,KIT BACIA COM CAIXA ACOPLADA ONE BRANCO DUAL FLUX LORENZETTI,,Banheiro,True
https://github.com/Lucas-Henrique-Lopes-Costa/azeveedo/blob/main/BANHEIRO/KIT BACIA COM CAIXA ACOPLADA SQUARE BRANCA DUAL FLUX LORENZETTI.png?raw=true,KIT BACIA COM CAIXA ACOPLADA SQUARE BRANCA DUAL FLUX LORENZETTI,,Banheiro,True
https://github.com/Lucas-Henrique-Lopes-Costa/azeveedo/blob/main/BANHEIRO/LAVATORIO COM COLUNA 47X42.5 ZIP BRANCO INCEPA.png?raw=true,LAVATORIO COM COLUNA 47X42.5 ZIP BRANCO INCEPA,,Banheiro,True
https://github.com/Lucas-Henrique-Lopes-Costa/azeveedo/blob/main/BANHEIRO/LAVATORIO COM COLUNA IZY/RAVENA/ASPEN BRANCO GELO DECA.png?raw=true,LAVATORIO COM COLUNA IZY_RAVENA_ASPEN BRANCO GELO DECA,,Banheiro,False
https://github.com/Lucas-Henrique-Lopes-Costa/azeveedo/blob/main/BANHEIRO/LAVATORIO WAY BRANCO  LC-30 COM COLUNA CN-E LORENZETTI.png?raw=true,LAVATORIO WAY BRANCO  LC-30 COM COLUNA CN-E LORENZETTI,,Banheiro,True
https://github.com/Lucas-Henrique-Lopes-Costa/azeveedo/blob/main/BÁSICO/AREIA LAVADA - TN.png?raw=true,AREIA LAVADA - TN,,BÁSICO,False
https://github.com/Lucas-Henrique-Lopes-Costa/azeveedo/blob/main/BÁSICO/ARGAMASSA AC-I CINZA 20KG INTERNA QUARTZOLIT.png?raw=true,ARGAMASSA AC-I CINZA 20KG INTERNA QUARTZOLIT,"A argamassa interna da Weber Quartzolit é uma mistura composta por cimento, areia e aditivos que possui alta aderência e fácil aplicação. Devido a sua composição, a argamassa da Quartzolit para porcelanato interno também pode ser utilizada para assentar revestimentos cerâmicos, ladrilhos hidráulicos e até placas de pedras naturais. Essa argamassa interna possui um rendimento de até 4,5kg/m² e pode ser aplicada em paredes e piso de ambientes residenciais ou comerciais como salas, quartos, banheiros, varandas, sacadas, lojas, escritórios e outros locais cobertos. Outro fator de destaque da argamassa produzida pela Quartzolit é o tempo de cura, pois diferentemente de outras massas é possível rejuntar o revestimento após 24 horas e liberar o tráfego de pessoas em 3 dias.",BÁSICO,True
https://github.com/Lucas-Henrique-Lopes-Costa/azeveedo/blob/main/BÁSICO/BLOCO CERAMICA 19 X 19X 09 08 FUROS QUADRADOS RIACHAO.png?raw=true,BLOCO CERAMICA 19 X 19X 09 08 FUROS QUADRADOS RIACHAO,,BÁSICO,True
https://github.com/Lucas-Henrique-Lopes-Costa/azeveedo/blob/main/BÁSICO/BRITA ''0'' TN.png?raw=true,BRITA ''0'' TN,,BÁSICO,False
https://github.com/Lucas-Henrique-Lopes-Costa/azeveedo/blob/main/BÁSICO/CAIBROS 6X4 1.0 METROS.png?raw=true,CAIBROS 6X4 1.0 METROS,,BÁSICO,True
https://github.com/Lucas-Henrique-Lopes-Costa/azeveedo/blob/main/BÁSICO/CIMENTO CIPLAN 50KG CPII F-32 USO GERAL.png?raw=true,CIMENTO CIPLAN 50KG CPII F-32 USO GERAL,"O verdadeiro cimento para toda a obra. Versátil! Possuindo características como: boa trabalhabilidade e moderado calor de hidratação (devido à adição de pozolana em sua composição), o Cimento de Uso Geral Ciplan é o verdadeiro Curinga das Obras. Sendo usado da fundação ao acabamento, este produto demonstra toda versatilidade que o leva a ser indispensável para qualquer obra.",BÁSICO,True
https://github.com/Lucas-Henrique-Lopes-Costa/azeveedo/blob/main/BÁSICO/COLUNA ARMADA 8.0MMX6M 7X17CM VERGALHÃO CA-50 5/16.png?raw=true,COLUNA ARMADA 8.0MMX6M 7X17CM VERGALHÃO CA-50 5_16,,BÁSICO,False
https://github.com/Lucas-Henrique-Lopes-Costa/azeveedo/blob/main/BÁSICO/LINHA 6X14 1.0 METRO LINEAR.png?raw=true,LINHA 6X14 1.0 METRO LINEAR,,BÁSICO,True
https://github.com/Lucas-Henrique-Lopes-Costa/azeveedo/blob/main/BÁSICO/RIPA 1.5X4 METRO LN.png?raw=true,RIPA 1.5X4 METRO LN,,BÁSICO,True
https://github.com/Lucas-Henrique-Lopes-Costa/azeveedo/blob/main/BÁSICO/TABUA 30 CM MADEIRA PINUS - METRO LINEAR.png?raw=true,TABUA 30 CM MADEIRA PINUS - METRO LINEAR,,BÁSICO,True
https://github.com/Lucas-Henrique-Lopes-Costa/azeveedo/blob/main/BÁSICO/TELHA COLONIAL LAMINADA LISA SANTANA.png?raw=true,TELHA COLONIAL LAMINADA LISA SANTANA,"Telha PVC Plana Cerâmica Terracota 242x88cm Afort Descubra a harmonia entre tradição e modernidade com a Telha PVC Plana Cerâmica/Terracota da Afort. Com dimensões de 242x88cm, esta telha é uma obra-prima que une o charme do estilo clássico com a durabilidade incomparável do PVC. Sua aparência cerâmica ou terracota confere uma sensação acolhedora, enquanto sua resistência contra intempéries assegura proteção sem igual. Seu telhado, um reflexo de história e inovação.",BÁSICO,True
"https://github.com/Lucas-Henrique-Lopes-Costa/azeveedo/blob/main/BÁSICO/TELHA FIBROCIMENTO SEM AMIANTO 110X366X6MM (49,87GK) ETERNIT.png?raw=true","TELHA FIBROCIMENTO SEM AMIANTO 110X366X6MM (49,87GK) ETERNIT",Indicada para coberturas e fechamentos laterais para residências e outras edificações com pé direito máximo de 4m ou com distância máxima do solo ao ponto mais alto da cobertura de 7m. COMPOSIÇÃO: Cimento Portland e fibras de amianto Crisotila. ESPECIFICAÇÃO: Atende às especificações das Normas Técnicas Brasileiras – NBR NBR7581 e NBR 12800. Também em conformidade com as normas de segurança e uso controlado.,BÁSICO,True
"https://github.com/Lucas-Henrique-Lopes-Costa/azeveedo/blob/main/BÁSICO/TELHA FIBROCIMENTO SEM AMIANTO 2.44X50MTX4MM (9,63KG) ETERNIT.png?raw=true","TELHA FIBROCIMENTO SEM AMIANTO 2.44X50MTX4MM (9,63KG) ETERNIT",Indicada para coberturas e fechamentos laterais para residências e outras edificações com pé direito máximo de 4m ou com distância máxima do solo ao ponto mais alto da cobertura de 7m. COMPOSIÇÃO: Cimento Portland e fibras de amianto Crisotila. ESPECIFICAÇÃO: Atende às especificações das Normas Técnicas Brasileiras – NBR NBR7581 e NBR 12800. Também em conformidade com as normas de segurança e uso controlado.,BÁSICO,True
https://github.com/Lucas-Henrique-Lopes-Costa/azeveedo/blob/main/BÁSICO/TELHA PLAN CERAMICA SANTANA.png?raw=true,TELHA PLAN CERAMICA SANTANA,"A Telha de PCV Plan é um produto de altíssima qualidade! Recomendada para coberturas em uma ou duas águas, mínima de 15%, principalmente residenciais. Tem em sua camada externa a aplicação de Acrílico Antichamas, que proporciona maior durabilidade e baixa propagação do fogo.
",BÁSICO,True
https://github.com/Lucas-Henrique-Lopes-Costa/azeveedo/blob/main/BÁSICO/TRELIÇA TG8SL 6/3.4/4.2MM PEÇA 06 METROS.png?raw=true,TRELIÇA TG8SL 6_3.4_4.2MM PEÇA 06 METROS,,BÁSICO,False
"https://github.com/Lucas-Henrique-Lopes-Costa/azeveedo/blob/main/BÁSICO/VERGALHÃO CA 50 8.0MM DE 12 METRO (5/16) 4,74 KG.png?raw=true","VERGALHÃO CA 50 8.0MM DE 12 METRO (5_16) 4,74 KG",,BÁSICO,False
https://github.com/Lucas-Henrique-Lopes-Costa/azeveedo/blob/main/DOMÉSTICA/BALDE PLÁSTICO 12LT PRETO VIAPLAST/VIATEK.png?raw=true,BALDE PLÁSTICO 12LT PRETO VIAPLAST_VIATEK,,DOMÉSTICA,False
https://github.com/Lucas-Henrique-Lopes-Costa/azeveedo/blob/main/DOMÉSTICA/BALDE PLÁSTICO 16LT PRETO REFORÇADO BRASIPLA.png?raw=true,BALDE PLÁSTICO 16LT PRETO REFORÇADO BRASIPLA,,DOMÉSTICA,False
https://github.com/Lucas-Henrique-Lopes-Costa/azeveedo/blob/main/DOMÉSTICA/ESCADA ALUMÍNIO 7 DÊGRAUS LÍDER.png?raw=true,ESCADA ALUMÍNIO 7 DÊGRAUS LÍDER,,DOMÉSTICA,False
https://github.com/Lucas-Henrique-Lopes-Costa/azeveedo/blob/main/DOMÉSTICA/ESCADA ALUMÍNIO EXTENSIVA 11X2 DÊGRUS BOTAFOGO.png?raw=true,ESCADA ALUMÍNIO EXTENSIVA 11X2 DÊGRUS BOTAFOGO,,DOMÉSTICA,False
https://github.com/Lucas-Henrique-Lopes-Costa/azeveedo/blob/main/DOMÉSTICA/ESCADA/BANQUETA ALUMÍNIO 3 DÊGRAUS LÍDER.png?raw=true,ESCADA_BANQUETA ALUMÍNIO 3 DÊGRAUS LÍDER,,DOMÉSTICA,False
https://github.com/Lucas-Henrique-Lopes-Costa/azeveedo/blob/main/DOMÉSTICA/RODO METAL 40CM ARTESANAL.png?raw=true,RODO METAL 40CM ARTESANAL,,DOMÉSTICA,True
https://github.com/Lucas-Henrique-Lopes-Costa/azeveedo/blob/main/DOMÉSTICA/RODO METAL 60CM ARTESANAL.png?raw=true,RODO METAL 60CM ARTESANAL,,DOMÉSTICA,True
https://github.com/Lucas-Henrique-Lopes-Costa/azeveedo/blob/main/DOMÉSTICA/RODO PLÁSTICO 55CM ATLAS.png?raw=true,RODO PLÁSTICO 55CM ATLAS,,DOMÉSTICA,True
https://github.com/Lucas-Henrique-Lopes-Costa/azeveedo/blob/main/DOMÉSTICA/VASSOURA DOMÉSTICA CASA NOVA CONNA.png?raw=true,VASSOURA DOMÉSTICA CASA NOVA CONNA,,DOMÉSTICA,False
https://github.com/Lucas-Henrique-Lopes-Costa/azeveedo/blob/main/DOMÉSTICA/VASSOURA DOMÉSTICA MULTIUSO HELENA CONNA.png?raw=true,VASSOURA DOMÉSTICA MULTIUSO HELENA CONNA,,DOMÉSTICA,False
https://github.com/Lucas-Henrique-Lopes-Costa/azeveedo/blob/main/DOMÉSTICA/VASSOURA PARA GRAMA 18/22 DENTES 120CM LAJE TRAMONTINA.png?raw=true,VASSOURA PARA GRAMA 18_22 DENTES 120CM LAJE TRAMONTINA,"- Indicada para a limpeza de folhas;
- Possui cabo de 120cm em madeira renovável;
- Vassoura leve e manuseio super confortável;",DOMÉSTICA,False
https://github.com/Lucas-Henrique-Lopes-Costa/azeveedo/blob/main/DOMÉSTICA/VASSOURA PARA VASCULHAR TETO ARTESANAL.png?raw=true,VASSOURA PARA VASCULHAR TETO ARTESANAL,,DOMÉSTICA,False
https://github.com/Lucas-Henrique-Lopes-Costa/azeveedo/blob/main/DOMÉSTICA/VASSOURÃO GARI PIACAVA SINTÉTICA CONNA.png?raw=true,VASSOURÃO GARI PIACAVA SINTÉTICA CONNA,,DOMÉSTICA,False
https://github.com/Lucas-Henrique-Lopes-Costa/azeveedo/blob/main/DUCHAS ELÉTRICAS/DUCHA ACQUA STORM ULTRA BLACK/CR 6800W/220V LORENZETTI.png?raw=true,DUCHA ACQUA STORM ULTRA BLACK_CR 6800W_220V LORENZETTI,"Chuveiro eletrônico Acqua Storm Ultra 6800W 220V black Lorenzetti

Tecnologia Press Plus: Jatos de alta performance mesmo com baixa pressão. Exclusiva resistência Loren Ultra - longa duração em comparação as resistências comuns.

Acompanhando as tendências mundiais de arquitetura e design, a linha Acqua Ultra apresenta acabamento moderno e inovador com linhas quadradas, design compacto, ultrafino, “Similar ao design de duchas Frias”.",DUCHAS ELÉTRICAS,False
"https://github.com/Lucas-Henrique-Lopes-Costa/azeveedo/blob/main/DUCHAS ELÉTRICAS/DUCHA ADVANCED TURBO MULTI 6400W
220V LORENZETTI
.png?raw=true","DUCHA ADVANCED TURBO MULTI 6400W
220V LORENZETTI
","Projetada especialmente para residências com pouca pressão de água, a Ducha Elétrica Advanced apresenta uma inovadora tecnologia de pressurização. 

Imagine um banho mais gostoso e relaxante, com aumento no volume e na pressão da água, proporcionando o máximo de conforto.

Além disso, a Ducha Elétrica Advanced é compatível com aquecedores solares, ampliando suas opções. Com comando multitemperaturas, você tem o controle total sobre a temperatura, garantindo o equilíbrio perfeito entre conforto e economia. Sua resistência tipo refil permite trocas rápidas e fáceis, facilitando a manutenção.",DUCHAS ELÉTRICAS,False
"https://github.com/Lucas-Henrique-Lopes-Costa/azeveedo/blob/main/DUCHAS ELÉTRICAS/DUCHA FUTURA MULTI 6800W/220V
LORENZETTI
.png?raw=true","DUCHA FUTURA MULTI 6800W_220V
LORENZETTI
","AS DUCHAS FUTURA POSSUEM DESIGN MODERNO E OFERECEM UMA EXPERIÊNCIA ÚNICA DE RELAXAMENTO DURANTE O BANHO, ALÉM DE DISPENSAR O CANO PARA INSTALAÇÃO, DEIXANDO O AMBIENTE MAIS HARMONIOSO. A DUCHA FUTURA MULTITEMPERATURAS CONTA COM QUATRO OPÇÕES DE TEMPERATURAS, GARANTINDO ECONOMIA EM TODAS AS ESTAÇÕES DO ANO; PERMITE A ESCOLHA GRADUAL DA TEMPERATURA.",DUCHAS ELÉTRICAS,False
https://github.com/Lucas-Henrique-Lopes-Costa/azeveedo/blob/main/DUCHAS ELÉTRICAS/DUCHA LOREN SHOWER ELET 7500W 220V LORENZETTI.png?raw=true,DUCHA LOREN SHOWER ELET 7500W 220V LORENZETTI,"Resistência Loren Ultra de longa duração
Compatível com aquecimento solar e outros sistemas de aquecimento.
Haste de comando: Controle de temperaturas ao alcance das mãos (uso opcional).
Grande espalhador: Maior área de banho.
Comando eletrônico: Ideal para todos os dias do ano, através de seu controle eletrônico de temperaturas permite a seleção gradual e precisa da temperatura, simples como ajustar o volume do rádio.",DUCHAS ELÉTRICAS,False
https://github.com/Lucas-Henrique-Lopes-Costa/azeveedo/blob/main/DUCHAS ELÉTRICAS/DUCHA MAXI BANHO C/BRACO 4600W/220V LORENZETTI.png?raw=true,DUCHA MAXI BANHO C_BRACO 4600W_220V LORENZETTI,"A Ducha Maxi Banho, possui Braço de 30cm tradicional da Lorenzetti, é fabricada em material PVC na cor Branca, Possui 3 temperaturas, apresenta a potência máxima de 4600W e tensão de 220V, o cano está incluso e é fabricado em material plástico ABS e a resistencia é do modelo mola, facilitando a troca.  

Apresenta excelente qualidade e durabilidade, sendo compativel com Aquecedor Solar.

",DUCHAS ELÉTRICAS,False
https://github.com/Lucas-Henrique-Lopes-Costa/azeveedo/blob/main/DUCHAS ELÉTRICAS/DUCHA TOP JET TURBO MULTI 6400W 220V LORENZETTI.png?raw=true,DUCHA TOP JET TURBO MULTI 6400W 220V LORENZETTI,"A versão TURBO tem como objetivo aumentar a pressão de água no banho por meio de pressurizador acoplado à ducha. O modelo é indicado para locais como casas térreas, sobrados e apartamentos de coberturas que geralmente possuem pouca pressão de água. Os pressurizadores são a solução mais econômica para problemas de pressão e volume de água.
A Top Jet Turbo possui um botão liga/desliga do turbo, ou seja, a utilização desta função é opcional.",DUCHAS ELÉTRICAS,False
https://github.com/Lucas-Henrique-Lopes-Costa/azeveedo/blob/main/ELÉTRICA/ARANDELA LED BRANCA HUMMER 12W BIVOLT AVANT.png?raw=true,ARANDELA LED BRANCA HUMMER 12W BIVOLT AVANT,"A arandela LED Hummer EVO é indicada para ambientes externos, residenciais ou comerciais como rampas de acesso, garagens, escadas, varandas, muros, etc. Corpo em plástico ABS e difusor em polipropileno. Índice de proteção IP65.",ELÉTRICA,True
https://github.com/Lucas-Henrique-Lopes-Costa/azeveedo/blob/main/ELÉTRICA/CABO FLEXÍVEL 2.50MM PRETO ANTICHAMA.png?raw=true,CABO FLEXÍVEL 2.50MM PRETO ANTICHAMA,,ELÉTRICA,True
https://github.com/Lucas-Henrique-Lopes-Costa/azeveedo/blob/main/ELÉTRICA/CABO PP FLEXÍVEL 2X2.5MM 500V.png?raw=true,CABO PP FLEXÍVEL 2X2.5MM 500V,"Quando você vai fazer instalações internas e fixas em circuitos de força, luz, entre outros, é importante prezar pela qualidade do fio que será usado.O Cabo Flexsil é o mais indicado para esse tipo de instalação.

O Cabo Silflex PP 500V possui grande flexibilidade e excelente resistência a sua movimentação. Ideal para ligações de aparelhos elétricos em geral, móveis ou fixos, como eletrodomésticos, ferramentas motorizadas e extensões.",ELÉTRICA,True
https://github.com/Lucas-Henrique-Lopes-Costa/azeveedo/blob/main/ELÉTRICA/CAIXA DE LUZ 4X2 AMARELA FORTLEV.png?raw=true,CAIXA DE LUZ 4X2 AMARELA FORTLEV,"As Caixas de Luz Fortlev são ideais para a fixação dos dispositivos elétricos nos pontos de luz e energia, como interruptores e tomadas. Produzidas em PVC (antichama), possuem diversas entradas para Eletrodutos de 20, 25 e 32mm e estão em conformidade com as normas ABNT NBR 5431 / ABNT NBR 60670 – Caixas e invólucros para acessórios elétricos para instalações elétricas fixas domésticas e análogas e ABNT 15465 – Sistemas de eletrodutos plásticos para instalações elétricas de baixa tensão – Requisitos de desempenho. Desenvolvidas para suportar temperaturas de utilização entre -5°C e +60°C. Caixas de Luz Fortlev, mais uma solução da Fortlev para levar segurança e facilidade às suas instalações.",ELÉTRICA,True
https://github.com/Lucas-Henrique-Lopes-Costa/azeveedo/blob/main/ELÉTRICA/CAIXA DE LUZ 4X2 TFLEX AMARELA TIGRE.png?raw=true,CAIXA DE LUZ 4X2 TFLEX AMARELA TIGRE,"Não propaga chamas, não dobra e não amassa. Isso sim é segurança. O amplo espaço interno da Caixa de Luz Tigreflex® permite acomodar melhor os cabos, evitando o aquecimento e proporciona mais segurança para as instalações elétricas da sua obra. Também oferece mais entradas para eletrodutos. Suas orelhas são reforçadas, não espanam, não quebram e não enferrujam.",ELÉTRICA,True
https://github.com/Lucas-Henrique-Lopes-Costa/azeveedo/blob/main/ELÉTRICA/CAIXA LUZ 4X4 OCTOGONAL FUNDO MÓVEL PT TIGRE.png?raw=true,CAIXA LUZ 4X4 OCTOGONAL FUNDO MÓVEL PT TIGRE,"Não propaga chamas, não dobra e não amassa. Isso sim é segurança. O amplo espaço interno da Caixa de Luz Tigreflex® permite acomodar melhor os cabos, evitando o aquecimento e proporciona mais segurança para as instalações elétricas da sua obra. Também oferece mais entradas para eletrodutos. Suas orelhas são reforçadas, não espanam, não quebram e não enferrujam.",ELÉTRICA,False
https://github.com/Lucas-Henrique-Lopes-Costa/azeveedo/blob/main/ELÉTRICA/CAIXA PASSAGEM PAREDE EMBUTIR CPT15CM TIGRE.png?raw=true,CAIXA PASSAGEM PAREDE EMBUTIR CPT15CM TIGRE,,ELÉTRICA,True
https://github.com/Lucas-Henrique-Lopes-Costa/azeveedo/blob/main/ELÉTRICA/CORDÃO PARALELO 2X2.5MM BRANCO SIL.png?raw=true,CORDÃO PARALELO 2X2.5MM BRANCO SIL,"Recomendado para instalações internas e ligações de pequenos aparelhos eletrodomésticos, de iluminação, aparelhos portáteis e extensões elétricas.",ELÉTRICA,True
"https://github.com/Lucas-Henrique-Lopes-Costa/azeveedo/blob/main/ELÉTRICA/CORDÃO TORCIDO 2X2,5MM BRANCO.png?raw=true","CORDÃO TORCIDO 2X2,5MM BRANCO",,ELÉTRICA,True
https://github.com/Lucas-Henrique-Lopes-Costa/azeveedo/blob/main/ELÉTRICA/CURVA ELETRODUTO 90 3/4'' TIGRE.png?raw=true,CURVA ELETRODUTO 90 3_4'' TIGRE,"Curva 90° para eletroduto 3/4"" Tigre

Fácil instalação: acoplamento sem necessidade de ferramentas, sendo acoplado manualmente devido ao tipo de engate; Maior rapidez na montagem e desmontagem do sistema, permitindo que possa ser aproveitado em diversas áreas, diminuindo assim o custo de i

Componentes da linha são fabricados em PVC (Policloreto de Vinila); Classe PN 80 (pressão de serviço de 80 m.c.a); Composto de PVC com propriedades anti U.V.",ELÉTRICA,False
https://github.com/Lucas-Henrique-Lopes-Costa/azeveedo/blob/main/ELÉTRICA/DISJUNTOR DIN TRIPOLAR ALBR3 C40/3 ALUMBRA.png?raw=true,DISJUNTOR DIN TRIPOLAR ALBR3 C40_3 ALUMBRA,,ELÉTRICA,False
https://github.com/Lucas-Henrique-Lopes-Costa/azeveedo/blob/main/ELÉTRICA/DISJUNTOR DIN UNIPOLAR ALBR3 C20/1 ALUMBRA.png?raw=true,DISJUNTOR DIN UNIPOLAR ALBR3 C20_1 ALUMBRA,,ELÉTRICA,False
https://github.com/Lucas-Henrique-Lopes-Costa/azeveedo/blob/main/ELÉTRICA/DISJUNTOR DPS 10KA 20KA DISP. CLASSE II ALUMBRA.png?raw=true,DISJUNTOR DPS 10KA 20KA DISP. CLASSE II ALUMBRA,,ELÉTRICA,True
https://github.com/Lucas-Henrique-Lopes-Costa/azeveedo/blob/main/ELÉTRICA/ELETRODUTO CORRUGADO 25MM AMARELO FORTLEV.png?raw=true,ELETRODUTO CORRUGADO 25MM AMARELO FORTLEV,"O Eletroduto Corrugado 25mm Rolo Com 25m Amarelo Fortlev é o produto ideal para seu projeto.

Uso indicado: Utilizado em instalações elétricas que possuem trajetos sinuosos, exigindo alta flexibilidade do eletroduto, sem perder a qualidade e resistência.",ELÉTRICA,True
https://github.com/Lucas-Henrique-Lopes-Costa/azeveedo/blob/main/ELÉTRICA/ELETRODUTO CORRUGADO TFLEX 25MM AMARELO TIGRE.png?raw=true,ELETRODUTO CORRUGADO TFLEX 25MM AMARELO TIGRE,"O Eletroduto Corrugado TigreFlex da Tigre tem tamanho de 25mm com 50 Metros de comprimento, é produzido em PVC flexível na cor Amarela e adapta-se às mudanças de direção e dispensa o uso de conexões. Produto é leve, tem baixo coeficiente de atrito e possui marcação metro a metro para facilitar o manuseio e a instalação. Além disso, possui segurança garantida, pois não propaga chamas, não dobra e não amassa.",ELÉTRICA,False
https://github.com/Lucas-Henrique-Lopes-Costa/azeveedo/blob/main/ELÉTRICA/FAME BLANC+ INTERRUPTOR 1 TC SIMPLES COM PLACA.png?raw=true,FAME BLANC+ INTERRUPTOR 1 TC SIMPLES COM PLACA,,ELÉTRICA,True
https://github.com/Lucas-Henrique-Lopes-Costa/azeveedo/blob/main/ELÉTRICA/FAME BLANC+ TOMADA 2P+T 10A COM PLACA.png?raw=true,FAME BLANC+ TOMADA 2P+T 10A COM PLACA,,ELÉTRICA,True
https://github.com/Lucas-Henrique-Lopes-Costa/azeveedo/blob/main/ELÉTRICA/FAME EVIDENCE INTERRUPTOR SIMPLES E TOMADA 2P+T 10A COM PLACA.png?raw=true,FAME EVIDENCE INTERRUPTOR SIMPLES E TOMADA 2P+T 10A COM PLACA,,ELÉTRICA,False
https://github.com/Lucas-Henrique-Lopes-Costa/azeveedo/blob/main/ELÉTRICA/FAME EVIDENCE TOMADA DUPLA 2P+T 10A DIST COM PLACA.png?raw=true,FAME EVIDENCE TOMADA DUPLA 2P+T 10A DIST COM PLACA,,ELÉTRICA,True
https://github.com/Lucas-Henrique-Lopes-Costa/azeveedo/blob/main/ELÉTRICA/FAME HABITAT TOMADA TRIPLA 10A 3126.png?raw=true,FAME HABITAT TOMADA TRIPLA 10A 3126,,ELÉTRICA,True
https://github.com/Lucas-Henrique-Lopes-Costa/azeveedo/blob/main/ELÉTRICA/FAME MODULARE INTERRUPTORES 2TC SIMPLES COM TOMADA 2P+T 10A.png?raw=true,FAME MODULARE INTERRUPTORES 2TC SIMPLES COM TOMADA 2P+T 10A,,ELÉTRICA,True
https://github.com/Lucas-Henrique-Lopes-Costa/azeveedo/blob/main/ELÉTRICA/FAME SE CANALETA 20X10X2000MM COM FITA ADESIVA.png?raw=true,FAME SE CANALETA 20X10X2000MM COM FITA ADESIVA,,ELÉTRICA,True
https://github.com/Lucas-Henrique-Lopes-Costa/azeveedo/blob/main/ELÉTRICA/FAME SE INTERRUPTOR SIMPLES TOMADA 2P+T 10A PADRÃO COM PLACA 07314154.png?raw=true,FAME SE INTERRUPTOR SIMPLES TOMADA 2P+T 10A PADRÃO COM PLACA 07314154,,ELÉTRICA,False
https://github.com/Lucas-Henrique-Lopes-Costa/azeveedo/blob/main/ELÉTRICA/FITA ISOLANTE 18MMX10 METROS USO GERAL TIGRE.png?raw=true,FITA ISOLANTE 18MMX10 METROS USO GERAL TIGRE,,ELÉTRICA,True
https://github.com/Lucas-Henrique-Lopes-Costa/azeveedo/blob/main/ELÉTRICA/FITA LED RISQUÉ EXTERNA 10W AM 2700K 220V AVANT.png?raw=true,FITA LED RISQUÉ EXTERNA 10W AM 2700K 220V AVANT,A Fita Risqué Externa possui índice de proteção IP67 sendo ideal para ambientes que ficam expostos a ação do tempo como chuva e poeira. Possui alto fluxo luminoso de 850 lm/m,ELÉTRICA,True
https://github.com/Lucas-Henrique-Lopes-Costa/azeveedo/blob/main/ELÉTRICA/LÂMPADA LED 9W BRANCA BIVOLT AVANT.png?raw=true,LÂMPADA LED 9W BRANCA BIVOLT AVANT,,ELÉTRICA,True
https://github.com/Lucas-Henrique-Lopes-Costa/azeveedo/blob/main/ELÉTRICA/LUMINÁRIA ELEGANCE FIT LED BR 18W BIVOLT AVANT.png?raw=true,LUMINÁRIA ELEGANCE FIT LED BR 18W BIVOLT AVANT,"A luminária Elegance FIT é versátil e pode ser usada em ambientes residenciais, comerciais e corporativos, proporcionando uma iluminação homogênea com design leve e moderno.",ELÉTRICA,True
https://github.com/Lucas-Henrique-Lopes-Costa/azeveedo/blob/main/ELÉTRICA/LUVA ELETRODUTO 3/4'' TIGRE.png?raw=true,LUVA ELETRODUTO 3_4'' TIGRE,"Luva Eletroduto Roscável 3/4"" Tigre indispensável em sua obra comercial, residencial ou industria. Fabricada em PVC dar segurança, durabilidade e resistência na hora de ligar tubos, canos nas instalações elétricas embutidas.",ELÉTRICA,False
https://github.com/Lucas-Henrique-Lopes-Costa/azeveedo/blob/main/ELÉTRICA/PAINEL LED ALUMÍNIO QUADRADO EMBUTIR 18W NE 4000K AVANT.png?raw=true,PAINEL LED ALUMÍNIO QUADRADO EMBUTIR 18W NE 4000K AVANT,"Os Painéis POP estão disponíveis nos formatos quadrado e redondo, versátil, proporcionando uma iluminação homogênea com design clean e moderno.",ELÉTRICA,True
https://github.com/Lucas-Henrique-Lopes-Costa/azeveedo/blob/main/ELÉTRICA/PINO PLUG 3 SAÍDA TIPO T 2P+T 10A 1491 FAME.png?raw=true,PINO PLUG 3 SAÍDA TIPO T 2P+T 10A 1491 FAME,,ELÉTRICA,True
https://github.com/Lucas-Henrique-Lopes-Costa/azeveedo/blob/main/ELÉTRICA/PINO PLUG FÊMEA 10A 2P+T COLORIDO/CINZA FAME.png?raw=true,PINO PLUG FÊMEA 10A 2P+T COLORIDO_CINZA FAME,,ELÉTRICA,False
https://github.com/Lucas-Henrique-Lopes-Costa/azeveedo/blob/main/ELÉTRICA/PINO PLUG MACHO 2P+T 10A COLORIDO/CINZA FAME.png?raw=true,PINO PLUG MACHO 2P+T 10A COLORIDO_CINZA FAME,,ELÉTRICA,False
https://github.com/Lucas-Henrique-Lopes-Costa/azeveedo/blob/main/ELÉTRICA/QUADRO DISTRIBUIÇÃO 3/4 DISJUNTORES NEMA/DIN BRANCO FAME.png?raw=true,QUADRO DISTRIBUIÇÃO 3_4 DISJUNTORES NEMA_DIN BRANCO FAME,,ELÉTRICA,False
https://github.com/Lucas-Henrique-Lopes-Costa/azeveedo/blob/main/ELÉTRICA/QUADRO DISTRIBUIÇÃO EMBUTIR 6/8 DISJUNTORES DIN/NEMA S/BAR TIGRE.png?raw=true,QUADRO DISTRIBUIÇÃO EMBUTIR 6_8 DISJUNTORES DIN_NEMA S_BAR TIGRE,,ELÉTRICA,False
https://github.com/Lucas-Henrique-Lopes-Costa/azeveedo/blob/main/ELÉTRICA/REFLETOR LED SLIM 30W LUZ BRANCA 6500K AVANT.png?raw=true,REFLETOR LED SLIM 30W LUZ BRANCA 6500K AVANT,"Refletor de iluminação externa para fachadas, acessos de entrada e saída, de edifícios , garagens , estacionamentos, áreas de jardim e lazer.
O refletor SLIM conta com o grau de proteção IP65 no qual pode ser usado em locais externos, ou seja, é um produto resistente a poeira e chuva.
",ELÉTRICA,True
https://github.com/Lucas-Henrique-Lopes-Costa/azeveedo/blob/main/ELÉTRICA/REFLETOR LED SOLAR 25W LUZ BRANCA 6500K AVANT.png?raw=true,REFLETOR LED SOLAR 25W LUZ BRANCA 6500K AVANT,"O Refletor Solare é a associação de tecnologia e sustentabilidade. Por não utilizar a rede elétrica, permite a economia da conta de luz e maior cuidado com o meio ambiente. O produto acompanha um painel em silício que deverá ser instalado em uma área externa para melhor captação da energia solar. O refletor pode ser instalado em áreas internas ou externas pois seu índice de proteção é IP65. Indicações de uso: Garagens, corredores, sítios, jardins e quintais.",ELÉTRICA,True
https://github.com/Lucas-Henrique-Lopes-Costa/azeveedo/blob/main/ELÉTRICA/SPOT QUADRADO AUTHENTIC PF 5W LUZ BRANCA 6500K BIVOLT AVANT.png?raw=true,SPOT QUADRADO AUTHENTIC PF 5W LUZ BRANCA 6500K BIVOLT AVANT,"A LUMINÁRIA SPOT COB SUPIMPA é indicada para iluminação de destaque de objetos ou texturas em ambientes internos, em usos comerciais ou residenciais. Possui sistema direcionável para melhor ajuste do seu projeto.",ELÉTRICA,False
https://github.com/Lucas-Henrique-Lopes-Costa/azeveedo/blob/main/ELÉTRICA/TUBO ELETRODUTO ROSCA ANTICHAMA 3/4'' 3 METROS TIGRE.png?raw=true,TUBO ELETRODUTO ROSCA ANTICHAMA 3_4'' 3 METROS TIGRE,"Leve e fácil de instalar. O Eletroduto Rígido Roscável é indispensável na construção de residências, comércios e indústrias. Fabricado em PVC antichama, é imune a elementos nocivos do solo e tem alta resistência mecânica.",ELÉTRICA,False
https://github.com/Lucas-Henrique-Lopes-Costa/azeveedo/blob/main/FERRAMENTAS ELÉTRICAS/BROCA 3 PONTAS P/MADEIRA 10MMX135MM MAKITA.png?raw=true,BROCA 3 PONTAS P_MADEIRA 10MMX135MM MAKITA,"Broca 3 pontas, a ponta central serve como guia no início do furo e as demais realizam o corte da madeira, proporcionando ótimo acabamento.",FERRAMENTAS ELÉTRICAS,False
https://github.com/Lucas-Henrique-Lopes-Costa/azeveedo/blob/main/FERRAMENTAS ELÉTRICAS/BROCA DE AÇO RÁPIDA 10MMX133MMX87MM HSS-TIN MAKITA.png?raw=true,BROCA DE AÇO RÁPIDA 10MMX133MMX87MM HSS-TIN MAKITA,"A broca é um dos acessórios indispensáveis no uso de uma furadeira. Ela é utilizada para fazer furos cilíndricos em uma superfície qualquer, como madeira, ferro, concreto e muitas outras.",FERRAMENTAS ELÉTRICAS,True
https://github.com/Lucas-Henrique-Lopes-Costa/azeveedo/blob/main/FERRAMENTAS ELÉTRICAS/BROCA ESCAREADORA P/MADEIRA NO-10 MAKITA.png?raw=true,BROCA ESCAREADORA P_MADEIRA NO-10 MAKITA,A Broca escariadora para madeira da Makita é utilizada para embutir parafusos em madeira e possui em sua lateral.,FERRAMENTAS ELÉTRICAS,False
https://github.com/Lucas-Henrique-Lopes-Costa/azeveedo/blob/main/FERRAMENTAS ELÉTRICAS/BROCA P/CONCRETO 10MMX150MM MAKITA.png?raw=true,BROCA P_CONCRETO 10MMX150MM MAKITA,"Broca de aço com ponta de metal duro para perfuração em concreto ou alvenaria, uso em furadeiras de impacto.",FERRAMENTAS ELÉTRICAS,False
https://github.com/Lucas-Henrique-Lopes-Costa/azeveedo/blob/main/FERRAMENTAS ELÉTRICAS/DISCO CORTE 4.1/2'' 115X1X22.23MM MAKITA.png?raw=true,DISCO CORTE 4.1_2'' 115X1X22.23MM MAKITA,"O Disco de corte para inox 4.1/2"" x 7/8"" da Makita de 1.2 mm é ideal para operações de corte que necessitam de um excelente acabamento e proporciona cortes rápidos com menor geração de calor e rebarbas. Possui corte rápido e melhor acabamento.",FERRAMENTAS ELÉTRICAS,False
https://github.com/Lucas-Henrique-Lopes-Costa/azeveedo/blob/main/FERRAMENTAS ELÉTRICAS/DISCO CORTE 7'' 180X2.0MM FINO MAKITA.png?raw=true,DISCO CORTE 7'' 180X2.0MM FINO MAKITA,"Ótimo para profissionais autônomos, serralheiros, metalúrgicas, profissionais da construção civil, instaladores em geral etc.",FERRAMENTAS ELÉTRICAS,False
https://github.com/Lucas-Henrique-Lopes-Costa/azeveedo/blob/main/FERRAMENTAS ELÉTRICAS/DISCO DE LIXA 4.1/2'' GRÃO 36 THOMPSON.png?raw=true,DISCO DE LIXA 4.1_2'' GRÃO 36 THOMPSON,,FERRAMENTAS ELÉTRICAS,False
"https://github.com/Lucas-Henrique-Lopes-Costa/azeveedo/blob/main/FERRAMENTAS ELÉTRICAS/DISCO DE LIXA 7"" GRÃO 36"" THOMPSON.png?raw=true","DISCO DE LIXA 7"" GRÃO 36"" THOMPSON",,FERRAMENTAS ELÉTRICAS,False
https://github.com/Lucas-Henrique-Lopes-Costa/azeveedo/blob/main/FERRAMENTAS ELÉTRICAS/DISCO DESBASTE METAL 115X6.0X22.23 MAKITA.png?raw=true,DISCO DESBASTE METAL 115X6.0X22.23 MAKITA,O Disco é indicado para desbaste de alto rendimento. Possui excelente taxa de remoção e longa vida útil. Sendo ideal para aplicação em metal.,FERRAMENTAS ELÉTRICAS,True
https://github.com/Lucas-Henrique-Lopes-Costa/azeveedo/blob/main/FERRAMENTAS ELÉTRICAS/DISCO DIAMANTADO LISO 110X20MM MAKITA.png?raw=true,DISCO DIAMANTADO LISO 110X20MM MAKITA,"O Disco de Corte Makita, ideal para trabalhos em construções civil, reformas e entre outros que necessitem de cortes com rapidez e eficiência. É um produto com o melhor desempenho para todos os tipos de porcelanato, oferecendo um corte sem rebarba, seu aro de corte contínuo possibilita excelentes resultados e ótimo acabamento.",FERRAMENTAS ELÉTRICAS,False
https://github.com/Lucas-Henrique-Lopes-Costa/azeveedo/blob/main/FERRAMENTAS ELÉTRICAS/DISCO DIAMANTADO SEGMENTADO 4.1/2'' 105MM MAKITA.png?raw=true,DISCO DIAMANTADO SEGMENTADO 4.1_2'' 105MM MAKITA,"O Disco diamantado corte a seco 105 mm segmentado - D-44351 da Makita é indicado para cortar mármore, granito, concreto, tijolo, telhas, alvenaria e pedras. Deve ser utilizado com a serra mármore, quando refrigerados proporcionam um maior rendimento. Ideal para uso profissional em construções e reformas.  
",FERRAMENTAS ELÉTRICAS,False
https://github.com/Lucas-Henrique-Lopes-Costa/azeveedo/blob/main/FERRAMENTAS ELÉTRICAS/DISCO DIAMANTADO TURBO 4.1/2'' 105X20MM MAKITA.png?raw=true,DISCO DIAMANTADO TURBO 4.1_2'' 105X20MM MAKITA,"O disco D-42553 Makita turbo de 4 polegadas com diamante é perfeito para cortes seguros e eficientes em mármore e granito, tanto a seco quanto a úmido. Ele combina velocidade de corte e um acabamento excepcional, garantindo durabilidade e eficiência em várias aplicações profissionais. Quando usado em uma serra mármore compatível com suas dimensões e rotação recomendada, este produto assegura a segurança no seu trabalho, proporcionando cortes eficazes, rápidos e precisos, além de bordas bem acabadas. Este disco é altamente resistente, capaz de suportar grandes demandas de trabalho.",FERRAMENTAS ELÉTRICAS,False
https://github.com/Lucas-Henrique-Lopes-Costa/azeveedo/blob/main/FERRAMENTAS ELÉTRICAS/DISCO FLAP GRÃO 40 115MMX22.23MM MAKITA.png?raw=true,DISCO FLAP GRÃO 40 115MMX22.23MM MAKITA,"Disco composto por zircônia, para desbastes leves, lixamento e semi acabamento.
",FERRAMENTAS ELÉTRICAS,True
https://github.com/Lucas-Henrique-Lopes-Costa/azeveedo/blob/main/FERRAMENTAS ELÉTRICAS/DISCO SERRA PARA MADEIRA 4.3/8''X110MM 24 DENTES CORTAG.png?raw=true,DISCO SERRA PARA MADEIRA 4.3_8''X110MM 24 DENTES CORTAG,"Disco com corpo de aço e dentes de Widea (metal duro), ideal para corte de madeira, MDF, aglomerados, compensados e derivados.",FERRAMENTAS ELÉTRICAS,False
"https://github.com/Lucas-Henrique-Lopes-Costa/azeveedo/blob/main/FERRAMENTAS ELÉTRICAS/ESMERILHADEIRA ANGULAR 4.1/2"" 115MM 220V MAKITA.png?raw=true","ESMERILHADEIRA ANGULAR 4.1_2"" 115MM 220V MAKITA","A Esmerilhadeira Angular da Makita possui 220V e 600W de potência. É indicada para o uso profissional, na área automotiva, serralheria, funilaria, entre outros profissionais.",FERRAMENTAS ELÉTRICAS,False
https://github.com/Lucas-Henrique-Lopes-Costa/azeveedo/blob/main/FERRAMENTAS ELÉTRICAS/FURADEIRA IMPACTO 2 VEL. 3/4'' 20MM 220V MAKITA.png?raw=true,FURADEIRA IMPACTO 2 VEL. 3_4'' 20MM 220V MAKITA,"makita desenvolva seu trabalho com excelência utilizando a furadeira de impacto hp2071 da makita. Com potência de 1.010w, esta furadeira oferece mandril de aperto rápido, dupla isolação e controle eletrônico de velocidade para maior precisão.",FERRAMENTAS ELÉTRICAS,False
"https://github.com/Lucas-Henrique-Lopes-Costa/azeveedo/blob/main/FERRAMENTAS ELÉTRICAS/MARTELETE COMBINADO 15/16"" 24MM 220V MAKITA.png?raw=true","MARTELETE COMBINADO 15_16"" 24MM 220V MAKITA","O Martelete Combinado  é ideal para ser utilizado na construção civil para romper paredes, muros e alvenaria, assim como perfurar Metal: 13mm, Madeira: 32mm e Concreto: 24mm.",FERRAMENTAS ELÉTRICAS,False
https://github.com/Lucas-Henrique-Lopes-Costa/azeveedo/blob/main/FERRAMENTAS ELÉTRICAS/PARAFUSADEIRA FURADEIRA IMPACTO BATERIA BIVOLT MAKITA.png?raw=true,PARAFUSADEIRA FURADEIRA IMPACTO BATERIA BIVOLT MAKITA,"A Parafusadeira/Furadeira de Impacto a Bateria 18V Li-Ion com Carregador Bivolt - Makita - é uma ferramenta versátil e potente, ideal para uma variedade de aplicações de perfuração e fixação.",FERRAMENTAS ELÉTRICAS,True
"https://github.com/Lucas-Henrique-Lopes-Costa/azeveedo/blob/main/FERRAMENTAS ELÉTRICAS/PLAINA 3.1/4"" 82MM 220V MAKITA.png?raw=true","PLAINA 3.1_4"" 82MM 220V MAKITA","Plaina elétrica é um produto destinada ao aplainamento de madeira. Plaina com ângulo e formato do punho de fácil pegada, manuseio, transporte e excelente precisão no corte. Retira até 1mm por cada passada, possibilitando maior precisão e velocidade de corte. Ideal para rebaixos em madeira e quebra de canto vivo.",FERRAMENTAS ELÉTRICAS,False
https://github.com/Lucas-Henrique-Lopes-Costa/azeveedo/blob/main/FERRAMENTAS ELÉTRICAS/SERRA CIRCULAR 180MM 7.1/2'' 220V MAKITA.png?raw=true,SERRA CIRCULAR 180MM 7.1_2'' 220V MAKITA,"Serra circular com punho frontal emborrachado, guia reto para melhor apoio e precisão no trabalho. ",FERRAMENTAS ELÉTRICAS,False
https://github.com/Lucas-Henrique-Lopes-Costa/azeveedo/blob/main/FERRAMENTAS ELÉTRICAS/SERRA COPO CONJUNTO 5 PEÇAS MAKITA.png?raw=true,SERRA COPO CONJUNTO 5 PEÇAS MAKITA,"Ideais para realizar furação em peças variadas grandes diâmetros e diferentes tipos de materiais
Este produto pode ser usado em madeira e plástico.",FERRAMENTAS ELÉTRICAS,True
https://github.com/Lucas-Henrique-Lopes-Costa/azeveedo/blob/main/FERRAMENTAS ELÉTRICAS/SERRA MARMORE 110MM 3/8'' 220V MAKITA.png?raw=true,SERRA MARMORE 110MM 3_8'' 220V MAKITA,"A Serra Mármore 110mm (4.3/8) da Makita tem 1.200W de potência. É uma serra mármore leve, compacta e motor de alta potência. Para maior segurança possui dupla isolação.",FERRAMENTAS ELÉTRICAS,False
https://github.com/Lucas-Henrique-Lopes-Costa/azeveedo/blob/main/FERRAMENTAS ELÉTRICAS/SERRA SABRE 28MM 220V MAKITA.png?raw=true,SERRA SABRE 28MM 220V MAKITA,"Ideal para trabalhos profissionais, troca rápida da lâmina, além de dupla isolação e velocidade variável.",FERRAMENTAS ELÉTRICAS,True
https://github.com/Lucas-Henrique-Lopes-Costa/azeveedo/blob/main/FERRAMENTAS ELÉTRICAS/SERRA TICO-TICO 65MM 220V MAKITA.png?raw=true,SERRA TICO-TICO 65MM 220V MAKITA,"Com avanço pendular.
Dupla isolação.
Velocidade variável.
Corte orbital.
Adaptável a coletor/aspirador de pó.
Encaixe T.",FERRAMENTAS ELÉTRICAS,True
https://github.com/Lucas-Henrique-Lopes-Costa/azeveedo/blob/main/FERRAMENTAS ELÉTRICAS/TALHADEIRA ENCAIXE SEXTAVADO 19X280MM MAKITA.png?raw=true,TALHADEIRA ENCAIXE SEXTAVADO 19X280MM MAKITA,"A Talhadeira D-08707, da Makita, garante trabalhos de qualidade.


Características
Ideal para lascar, canalizar e romper pedaços grandes de concreto.
Serve nos modelos M8600G e M8600B.",FERRAMENTAS ELÉTRICAS,True
"https://github.com/Lucas-Henrique-Lopes-Costa/azeveedo/blob/main/FERRAMENTAS MANUAIS/ALICATE PRESSÃO 10"" BICO RETO CROMO PARABONI.png?raw=true","ALICATE PRESSÃO 10"" BICO RETO CROMO PARABONI",,FERRAMENTAS MANUAIS,False
https://github.com/Lucas-Henrique-Lopes-Costa/azeveedo/blob/main/FERRAMENTAS MANUAIS/ALICATE REBITADOR 10'' 25CM FERTAK.png?raw=true,ALICATE REBITADOR 10'' 25CM FERTAK,"O alicate rebitador 10'' (25cm) da marca Fertak é uma ferramenta manual projetada para a aplicação de rebites em diversos materiais. Esse tipo de alicate é amplamente utilizado na indústria, na construção civil e em atividades de manutenção. Com um comprimento total de 25 cm, o alicate rebitador possui um tamanho adequado para oferecer alavancagem e controle durante o processo de rebitagem. A medida de 10'' corresponde a cerca de 25 centímetros. O alicate é construído com materiais de alta resistência, como aço carbono, para garantir durabilidade e capacidade de suportar a aplicação de força.",FERRAMENTAS MANUAIS,False
"https://github.com/Lucas-Henrique-Lopes-Costa/azeveedo/blob/main/FERRAMENTAS MANUAIS/ALICATE UNIVERSAL 8"" POL CABO TRAMONTINA.png?raw=true","ALICATE UNIVERSAL 8"" POL CABO TRAMONTINA",,FERRAMENTAS MANUAIS,False
https://github.com/Lucas-Henrique-Lopes-Costa/azeveedo/blob/main/FERRAMENTAS MANUAIS/ARCO DE SERRA FIXO 12'' TRAMONTINA.png?raw=true,ARCO DE SERRA FIXO 12'' TRAMONTINA,,FERRAMENTAS MANUAIS,False
https://github.com/Lucas-Henrique-Lopes-Costa/azeveedo/blob/main/FERRAMENTAS MANUAIS/CAVADEIRA ARTICULADA 1.80METROS COM CABO LIGHT TRAMONTINA.png?raw=true,CAVADEIRA ARTICULADA 1.80METROS COM CABO LIGHT TRAMONTINA,,FERRAMENTAS MANUAIS,False
https://github.com/Lucas-Henrique-Lopes-Costa/azeveedo/blob/main/FERRAMENTAS MANUAIS/CHAVE COMBINADA 10MM BOCA/ESTRELA PARABONI.png?raw=true,CHAVE COMBINADA 10MM BOCA_ESTRELA PARABONI,,FERRAMENTAS MANUAIS,False
"https://github.com/Lucas-Henrique-Lopes-Costa/azeveedo/blob/main/FERRAMENTAS MANUAIS/CHAVE FENDA 5X100MMX3/16X4"" PARABONI.png?raw=true","CHAVE FENDA 5X100MMX3_16X4"" PARABONI",,FERRAMENTAS MANUAIS,False
"https://github.com/Lucas-Henrique-Lopes-Costa/azeveedo/blob/main/FERRAMENTAS MANUAIS/CHAVE PHILLIPS 1/4X4"" TRAMONTINA.png?raw=true","CHAVE PHILLIPS 1_4X4"" TRAMONTINA",,FERRAMENTAS MANUAIS,False
https://github.com/Lucas-Henrique-Lopes-Costa/azeveedo/blob/main/FERRAMENTAS MANUAIS/DESEMPENADEIRA LISA AÇO 12X28CM CABO PLÁSTICO FERTAK.png?raw=true,DESEMPENADEIRA LISA AÇO 12X28CM CABO PLÁSTICO FERTAK,,FERRAMENTAS MANUAIS,True
https://github.com/Lucas-Henrique-Lopes-Costa/azeveedo/blob/main/FERRAMENTAS MANUAIS/DESEMPENADEIRA PLASTICA 18X30 CORRUGADA AZUL SENIOR'S.png?raw=true,DESEMPENADEIRA PLASTICA 18X30 CORRUGADA AZUL SENIOR'S,,FERRAMENTAS MANUAIS,False
https://github.com/Lucas-Henrique-Lopes-Costa/azeveedo/blob/main/FERRAMENTAS MANUAIS/ENXADA LARGA 2.5'' COM CABO 1.45CM TRAMONTINA.png?raw=true,ENXADA LARGA 2.5'' COM CABO 1.45CM TRAMONTINA,,FERRAMENTAS MANUAIS,False
https://github.com/Lucas-Henrique-Lopes-Costa/azeveedo/blob/main/FERRAMENTAS MANUAIS/ESQUADRO CABO PVC 10'' 25CM MOMFORT.png?raw=true,ESQUADRO CABO PVC 10'' 25CM MOMFORT,,FERRAMENTAS MANUAIS,False
https://github.com/Lucas-Henrique-Lopes-Costa/azeveedo/blob/main/FERRAMENTAS MANUAIS/ESTILETE RETRÁTIL GDE TRAMONTINA.png?raw=true,ESTILETE RETRÁTIL GDE TRAMONTINA,,FERRAMENTAS MANUAIS,True
https://github.com/Lucas-Henrique-Lopes-Costa/azeveedo/blob/main/FERRAMENTAS MANUAIS/FACÃO 16'' CABO PLÁSTICO TRAMONTINA.png?raw=true,FACÃO 16'' CABO PLÁSTICO TRAMONTINA,,FERRAMENTAS MANUAIS,False
https://github.com/Lucas-Henrique-Lopes-Costa/azeveedo/blob/main/FERRAMENTAS MANUAIS/FOICE ROÇADEIRA COM CABO 1.20CM TRAMONTINA/COLLINS.png?raw=true,FOICE ROÇADEIRA COM CABO 1.20CM TRAMONTINA_COLLINS,,FERRAMENTAS MANUAIS,False
https://github.com/Lucas-Henrique-Lopes-Costa/azeveedo/blob/main/FERRAMENTAS MANUAIS/LINHA PARA PEDREIRO 100 METROS 100MM NYLON EKILON.png?raw=true,LINHA PARA PEDREIRO 100 METROS 100MM NYLON EKILON,,FERRAMENTAS MANUAIS,True
https://github.com/Lucas-Henrique-Lopes-Costa/azeveedo/blob/main/FERRAMENTAS MANUAIS/MARRETA 1.0KG COM CABO TRAMONTINA.png?raw=true,MARRETA 1.0KG COM CABO TRAMONTINA,,FERRAMENTAS MANUAIS,True
https://github.com/Lucas-Henrique-Lopes-Costa/azeveedo/blob/main/FERRAMENTAS MANUAIS/MARTELO 25MM CABO MADEIRA ALMA AÇO TRAMONTINA.png?raw=true,MARTELO 25MM CABO MADEIRA ALMA AÇO TRAMONTINA,,FERRAMENTAS MANUAIS,True
https://github.com/Lucas-Henrique-Lopes-Costa/azeveedo/blob/main/FERRAMENTAS MANUAIS/MARTELO DE BORRACHA 40MM BRANCO PARABONI.png?raw=true,MARTELO DE BORRACHA 40MM BRANCO PARABONI,,FERRAMENTAS MANUAIS,True
https://github.com/Lucas-Henrique-Lopes-Costa/azeveedo/blob/main/FERRAMENTAS MANUAIS/NÍVEL 12'' METÁLICO ATLAS.png?raw=true,NÍVEL 12'' METÁLICO ATLAS,,FERRAMENTAS MANUAIS,False
https://github.com/Lucas-Henrique-Lopes-Costa/azeveedo/blob/main/FERRAMENTAS MANUAIS/PÁ DE BICO N 3 COM CABO 71CM TRAMONTINA.png?raw=true,PÁ DE BICO N 3 COM CABO 71CM TRAMONTINA,,FERRAMENTAS MANUAIS,True
https://github.com/Lucas-Henrique-Lopes-Costa/azeveedo/blob/main/FERRAMENTAS MANUAIS/PENEIRA AREIA/ARROZ ARO 55CM PVC VERMELHA/PRETA COMEP.png?raw=true,PENEIRA AREIA_ARROZ ARO 55CM PVC VERMELHA_PRETA COMEP,,FERRAMENTAS MANUAIS,False
https://github.com/Lucas-Henrique-Lopes-Costa/azeveedo/blob/main/FERRAMENTAS MANUAIS/PICARETA ALVIÃO COM CABO TRAMONTINA.png?raw=true,PICARETA ALVIÃO COM CABO TRAMONTINA,,FERRAMENTAS MANUAIS,True
https://github.com/Lucas-Henrique-Lopes-Costa/azeveedo/blob/main/FERRAMENTAS MANUAIS/PREGO 17X27 (2.1/2X11) COM CABEÇA.png?raw=true,PREGO 17X27 (2.1_2X11) COM CABEÇA,,FERRAMENTAS MANUAIS,False
https://github.com/Lucas-Henrique-Lopes-Costa/azeveedo/blob/main/FERRAMENTAS MANUAIS/PRUMO DE CENTRO CÔNICO 400G FERTAK.png?raw=true,PRUMO DE CENTRO CÔNICO 400G FERTAK,,FERRAMENTAS MANUAIS,True
https://github.com/Lucas-Henrique-Lopes-Costa/azeveedo/blob/main/FERRAMENTAS MANUAIS/PRUMO DE PAREDE 400G FERTAK.png?raw=true,PRUMO DE PAREDE 400G FERTAK,,FERRAMENTAS MANUAIS,True
https://github.com/Lucas-Henrique-Lopes-Costa/azeveedo/blob/main/FERRAMENTAS MANUAIS/SERRA MANUAL BIMETAL BS 1224 STARRETT.png?raw=true,SERRA MANUAL BIMETAL BS 1224 STARRETT,,FERRAMENTAS MANUAIS,True
https://github.com/Lucas-Henrique-Lopes-Costa/azeveedo/blob/main/FERRAMENTAS MANUAIS/SERROTE 18'' CABO MADEIRA FERTAK.png?raw=true,SERROTE 18'' CABO MADEIRA FERTAK,,FERRAMENTAS MANUAIS,False
https://github.com/Lucas-Henrique-Lopes-Costa/azeveedo/blob/main/FERRAMENTAS MANUAIS/TRENA 8M X 26MM COM TRAVA LUFKIN.png?raw=true,TRENA 8M X 26MM COM TRAVA LUFKIN,,FERRAMENTAS MANUAIS,True
https://github.com/Lucas-Henrique-Lopes-Costa/azeveedo/blob/main/HIDRÁULICA/ADESIVO PVC 175G TIGRE.png?raw=true,ADESIVO PVC 175G TIGRE,Adesivo cola Pvc Tigre feito para juntar tubos e conexões de PVC Tigre por meio da sua ação de soldagem a frio. Fácil aplicação;,HIDRÁULICA,True
https://github.com/Lucas-Henrique-Lopes-Costa/azeveedo/blob/main/HIDRÁULICA/ADESIVO PVC 17G TIGRE.png?raw=true,ADESIVO PVC 17G TIGRE,"Adesivo cola para Pvc 17g Bisnaga Tigre feito para juntar tubos e conexões de PVC Tigre por meio da sua ação de soldagem a frio. Fácil aplicação; não necessita de um profissional, basta usar uma trincha ou o próprio bico da embalagem.",HIDRÁULICA,True
https://github.com/Lucas-Henrique-Lopes-Costa/azeveedo/blob/main/HIDRÁULICA/CAIXA D'ÁGUA POLIETILENO 500LT FORTLEV.png?raw=true,CAIXA D'ÁGUA POLIETILENO 500LT FORTLEV,"Muito mais práticas e duráveis, as caixas d´água de polietileno Fortlev possuem superfícies internas lisas que facilitam a limpeza. Todas com exclusivo sistema de encaixe das tampas que dispensa parafusos e amarras na instalação e garante ainda mais vedação e conservação da água.Características:- Capacidade: 500 Litros;- Altura com tampa: 72cm;- Altura sem tampa: 58cm;- Diâmetro com tampa: 124cm;- Diâmetro sem tampa: 122cm;- Diâmetro da Base: 95cm.",HIDRÁULICA,False
https://github.com/Lucas-Henrique-Lopes-Costa/azeveedo/blob/main/HIDRÁULICA/CAIXA D'AGUA POLIETILENO TANQ 5.000L FORTLEV PLUS.png?raw=true,CAIXA D'AGUA POLIETILENO TANQ 5.000L FORTLEV PLUS,"Muito mais práticas e duráveis, as caixas d´água de polietileno Fortlev possuem superfícies internas lisas que facilitam a limpeza. Todas com exclusivo sistema de encaixe das tampas que dispensa parafusos e amarras na instalação e garante ainda mais vedação e conservação da água.",HIDRÁULICA,False
https://github.com/Lucas-Henrique-Lopes-Costa/azeveedo/blob/main/HIDRÁULICA/CAIXA DE PASSAGEM/INSPEÇÃO ESGOTO NOVA DURIN.png?raw=true,CAIXA DE PASSAGEM_INSPEÇÃO ESGOTO NOVA DURIN,"Fácil Instalação;
Tampa suporta até 200 kg;
Durabilidade, pois o material não se degrada ou oxida em contato com água/esgoto;
Fácil acabamento com o piso: formato quadrado;
Não utiliza parafusos na fixação, sistema click.",HIDRÁULICA,False
https://github.com/Lucas-Henrique-Lopes-Costa/azeveedo/blob/main/HIDRÁULICA/CAIXA GORDURA 100MM COM TAMPA 350X350MM TIGRE.png?raw=true,CAIXA GORDURA 100MM COM TAMPA 350X350MM TIGRE,"Atendendo a especificação da norma NBR - 8160 de projetos de esgotos, a caixa de gordura da Tigre, que conta com um exclusivo cesto de limpeza que retém até 18 litros de gordura, é perfeita para sua cozinha residencial. Ela tem a função de receber o esgoto proveniente do ramal da cozinha, possui um sifão que retém a gordura dentro da caixa, impedindo que seja conduzida pela tubulação.",HIDRÁULICA,True
https://github.com/Lucas-Henrique-Lopes-Costa/azeveedo/blob/main/HIDRÁULICA/FITA VEDA ROSCA 18MMX10MT TIGRE.png?raw=true,FITA VEDA ROSCA 18MMX10MT TIGRE,A fita Veda Rosca promove a vedação de juntas roscáveis em instalações de água fria e quente eliminando as folgas existentes entre as conexões.,HIDRÁULICA,False
https://github.com/Lucas-Henrique-Lopes-Costa/azeveedo/blob/main/HIDRÁULICA/JOELHO ESGOTO 90° 100MM FORTLEV/KRONA.png?raw=true,JOELHO ESGOTO 90° 100MM FORTLEV_KRONA,,HIDRÁULICA,False
https://github.com/Lucas-Henrique-Lopes-Costa/azeveedo/blob/main/HIDRÁULICA/JOELHO ESGOTO 90° 100MM TIGRE 26241006.png?raw=true,JOELHO ESGOTO 90° 100MM TIGRE 26241006,,HIDRÁULICA,True
https://github.com/Lucas-Henrique-Lopes-Costa/azeveedo/blob/main/HIDRÁULICA/JOELHO SOLDAVEL 90 20MM FORTLEV 10130207.png?raw=true,JOELHO SOLDAVEL 90 20MM FORTLEV 10130207,,HIDRÁULICA,True
https://github.com/Lucas-Henrique-Lopes-Costa/azeveedo/blob/main/HIDRÁULICA/JOELHO SOLDAVEL 90 20MM TIGRE.png?raw=true,JOELHO SOLDAVEL 90 20MM TIGRE,,HIDRÁULICA,True
https://github.com/Lucas-Henrique-Lopes-Costa/azeveedo/blob/main/HIDRÁULICA/LUVA ESGOTO 100MM FORTLEV/KRONA/PLASTUBOS.png?raw=true,LUVA ESGOTO 100MM FORTLEV_KRONA_PLASTUBOS,,HIDRÁULICA,False
https://github.com/Lucas-Henrique-Lopes-Costa/azeveedo/blob/main/HIDRÁULICA/LUVA ESGOTO 100MM TIGRE.png?raw=true,LUVA ESGOTO 100MM TIGRE,,HIDRÁULICA,True
https://github.com/Lucas-Henrique-Lopes-Costa/azeveedo/blob/main/HIDRÁULICA/LUVA SOLDAVEL 20MM FORTLEV/KRONA.png?raw=true,LUVA SOLDAVEL 20MM FORTLEV_KRONA,,HIDRÁULICA,False
https://github.com/Lucas-Henrique-Lopes-Costa/azeveedo/blob/main/HIDRÁULICA/LUVA SOLDAVEL. 20MM TIGRE 22170201.png?raw=true,LUVA SOLDAVEL. 20MM TIGRE 22170201,,HIDRÁULICA,True
https://github.com/Lucas-Henrique-Lopes-Costa/azeveedo/blob/main/HIDRÁULICA/TE ESGOTO 100X100MM FORTLEV/KRONA.png?raw=true,TE ESGOTO 100X100MM FORTLEV_KRONA,,HIDRÁULICA,False
https://github.com/Lucas-Henrique-Lopes-Costa/azeveedo/blob/main/HIDRÁULICA/TE ESGOTO 100X100MM TIGRE.png?raw=true,TE ESGOTO 100X100MM TIGRE,,HIDRÁULICA,True
https://github.com/Lucas-Henrique-Lopes-Costa/azeveedo/blob/main/HIDRÁULICA/TE SOLDAVEL 20MM FORTLEV/ KRONA.png?raw=true,TE SOLDAVEL 20MM FORTLEV_ KRONA,,HIDRÁULICA,False
https://github.com/Lucas-Henrique-Lopes-Costa/azeveedo/blob/main/HIDRÁULICA/TE SOLDAVEL 20MM TIGRE.png?raw=true,TE SOLDAVEL 20MM TIGRE,,HIDRÁULICA,True
https://github.com/Lucas-Henrique-Lopes-Costa/azeveedo/blob/main/HIDRÁULICA/TUBO ESGOTO 100MM FORTLEV.png?raw=true,TUBO ESGOTO 100MM FORTLEV,"Muito mais estanqueidade. Os Tubos Esgoto Fortlev SN (Série Normal) são peças que compõem a Linha Esgoto Fortlev cuja a função é coletar e conduzir os despejos provenientes dos aparelhos sanitários a um destino apropriado, visando atender com total segurança e praticidade os vários tipos de demandas nas instalações prediais.",HIDRÁULICA,False
https://github.com/Lucas-Henrique-Lopes-Costa/azeveedo/blob/main/HIDRÁULICA/TUBO ESGOTO 100MM TIGRE.png?raw=true,TUBO ESGOTO 100MM TIGRE,"A linha esgoto da Tigre é projetada para oferecer alta qualidade e durabilidade, atendendo às necessidades de uma variedade de aplicações industriais, comerciais e residenciais. Os tubos e conexões da linha esgoto são fabricados com materiais resistentes e possuem uma estrutura robusta que permite uma conexão segura e confiável.",HIDRÁULICA,True
https://github.com/Lucas-Henrique-Lopes-Costa/azeveedo/blob/main/HIDRÁULICA/TUBO SOLDAVEL 20MM FORTLEV/PLASTUBOS/KRONA.png?raw=true,TUBO SOLDAVEL 20MM FORTLEV_PLASTUBOS_KRONA,,HIDRÁULICA,False
https://github.com/Lucas-Henrique-Lopes-Costa/azeveedo/blob/main/HIDRÁULICA/TUBO SOLDAVEL 20MM TIGRE.png?raw=true,TUBO SOLDAVEL 20MM TIGRE,"Fácil de instalar, leve e resistente. O Tubo Soldável Tigre é fabricado em PVC Rígido para transportar a água fria com qualidade e segurança nas obras residências, comerciais e industriais. É indicado para todos os tipos de instalações de água fria.",HIDRÁULICA,False
https://github.com/Lucas-Henrique-Lopes-Costa/azeveedo/blob/main/METAIS/ACABAMENTO P CS 40 PARA REGISTRO1416/1509 1/2''-3/4'' ICO.png?raw=true,ACABAMENTO P CS 40 PARA REGISTRO1416_1509 1_2''-3_4'' ICO,,METAIS,False
https://github.com/Lucas-Henrique-Lopes-Costa/azeveedo/blob/main/METAIS/BARRA APOIO 50CM 16050 AÇO INOX COBRA.png?raw=true,BARRA APOIO 50CM 16050 AÇO INOX COBRA,"A Barra de Apoio Inox 50cm da Cobra Metais é um acessório essencial para a segurança em banheiros e áreas molhadas. Fabricada em aço inoxidável de alta qualidade, essa barra proporciona apoio e estabilidade para pessoas com mobilidade reduzida, idosos e qualquer pessoa que precise de suporte adicional ao entrar, sair do banho ou utilizar o vaso sanitário. Com 50cm de comprimento, a barra é fácil de instalar e pode ser fixada de forma segura na parede. O aço inoxidável confere resistência à corrosão, tornando-a adequada para ambientes úmidos.",METAIS,True
https://github.com/Lucas-Henrique-Lopes-Costa/azeveedo/blob/main/METAIS/BARRA APOIO 60CM 16060 AÇO INOX COBRA.png?raw=true,BARRA APOIO 60CM 16060 AÇO INOX COBRA,"A Barra de Apoio Inox 60cm da Cobra Metais é um acessório essencial para a segurança em banheiros e áreas molhadas. Fabricada em aço inoxidável de alta qualidade, essa barra proporciona apoio e estabilidade para pessoas com mobilidade reduzida, idosos e qualquer pessoa que precise de suporte adicional ao entrar, sair do banho ou utilizar o vaso sanitário. Com 60cm de comprimento, a barra é fácil de instalar e pode ser fixada de forma segura na parede. O aço inoxidável confere resistência à corrosão, tornando-a adequada para ambientes úmidos.",METAIS,True
https://github.com/Lucas-Henrique-Lopes-Costa/azeveedo/blob/main/METAIS/GRELHA QUADRADA 150MM CROMADA ABRE/FECHA COBRA.png?raw=true,GRELHA QUADRADA 150MM CROMADA ABRE_FECHA COBRA,"A Grelha Abre E Fecha Quadrada 150mm serve para uso em áreas de serviços, banheiros e terraços.",METAIS,False
https://github.com/Lucas-Henrique-Lopes-Costa/azeveedo/blob/main/METAIS/GRELHA QUADRADA 16310 10X10CM INOX COBRA.png?raw=true,GRELHA QUADRADA 16310 10X10CM INOX COBRA,,METAIS,True
https://github.com/Lucas-Henrique-Lopes-Costa/azeveedo/blob/main/METAIS/KIT ACESSÓRIOS 5 PEÇAS 2000 C30 LORENZETTI.png?raw=true,KIT ACESSÓRIOS 5 PEÇAS 2000 C30 LORENZETTI,"Kit com 5 peças para completar seu banheiro.

O que vem na Caixa?
1 saboneteira 2009 C30
1 papeleira 2020 C30
1 toalheiro argola 2050 C30
1 toalheiro barra 2040 C30
1 cabide 2060 C30
1 manual de instalação",METAIS,True
https://github.com/Lucas-Henrique-Lopes-Costa/azeveedo/blob/main/METAIS/KIT ACESSÓRIOS 5 PEÇAS STANDER 10600 COBRA.png?raw=true,KIT ACESSÓRIOS 5 PEÇAS STANDER 10600 COBRA,"O Kit de Acessórios Stander 5 Peças da Cobra Metais é a solução completa para dar um toque de elegância e funcionalidade ao seu banheiro. Este conjunto inclui cinco peças essenciais: porta-toalhas, porta-papel higiênico, puxador, cabide e saboneteira, todos projetados para combinar em termos de design e funcionalidade. Cada peça é fabricada com alta qualidade e atenção aos detalhes, proporcionando durabilidade e resistência.",METAIS,True
https://github.com/Lucas-Henrique-Lopes-Costa/azeveedo/blob/main/METAIS/REGISTRO GAVETA 1509 CS 40 3/4'' CR COM CANOPLA ZINC ICO.png?raw=true,REGISTRO GAVETA 1509 CS 40 3_4'' CR COM CANOPLA ZINC ICO,,METAIS,False
https://github.com/Lucas-Henrique-Lopes-Costa/azeveedo/blob/main/METAIS/REGISTRO PRESSÃO 2416 CSS 1/2'' MVS SQUARE COM CANOPLA ICO.png?raw=true,REGISTRO PRESSÃO 2416 CSS 1_2'' MVS SQUARE COM CANOPLA ICO,,METAIS,False
https://github.com/Lucas-Henrique-Lopes-Costa/azeveedo/blob/main/METAIS/TORNEIRA COZINHA/LAVATÓRIO F95 G CSS FIXA ALTA CH SQUARE AREJADO ICO.png?raw=true,TORNEIRA COZINHA_LAVATÓRIO F95 G CSS FIXA ALTA CH SQUARE AREJADO ICO,Uma torneira para uso geral com a qualidade e durabilidade. Seu design e funcionalidade garantem conforto e charme para sua residência,METAIS,False
https://github.com/Lucas-Henrique-Lopes-Costa/azeveedo/blob/main/METAIS/TORNEIRA DE COZINHA 1167 C33 BICA MÓVEL ME TRIO LORENZETTI.png?raw=true,TORNEIRA DE COZINHA 1167 C33 BICA MÓVEL ME TRIO LORENZETTI,"Manopla com design exclusivo que une formas retas e curvas, tendência do segmento. Com mecanismo de vedação cerâmico ¼ de volta, que proporciona conforto no manuseio, economia de água e maior vida útil do produto. Bica móvel e arejador articulado.",METAIS,True
https://github.com/Lucas-Henrique-Lopes-Costa/azeveedo/blob/main/METAIS/TORNEIRA DE COZINHA 2277 CS ALV 1/4V ART. BICA MÓVEL ENT.HOR ICO.png?raw=true,TORNEIRA DE COZINHA 2277 CS ALV 1_4V ART. BICA MÓVEL ENT.HOR ICO,,METAIS,False
https://github.com/Lucas-Henrique-Lopes-Costa/azeveedo/blob/main/METAIS/TORNEIRA DE COZINHA BANCADA 4198 C-65 1/4V BICA MÓVEL COBRA.png?raw=true,TORNEIRA DE COZINHA BANCADA 4198 C-65 1_4V BICA MÓVEL COBRA,,METAIS,False
https://github.com/Lucas-Henrique-Lopes-Costa/azeveedo/blob/main/METAIS/TORNEIRA LAVATÓRIO 1190 CS 1/4V BICA MÓVEL ICO.png?raw=true,TORNEIRA LAVATÓRIO 1190 CS 1_4V BICA MÓVEL ICO,"Torneira para lavatório 1190 CS ALV, cromada, entrada vertical, bica móvel, volante tipo alavanca em latão, arejador que proporciona um jato uniforme (evitando respingos), acionamento de volta com mecanismo cerâmico e tubo inox.",METAIS,False
https://github.com/Lucas-Henrique-Lopes-Costa/azeveedo/blob/main/PISOS E REVESTIMENTOS/PISO CERAL A 43X43 ESMERALTO ISABELA 2.43m² CAIXA.png?raw=true,PISO CERAL A 43X43 ESMERALTO ISABELA 2.43m² CAIXA,,PISOS E REVESTIMENTOS,False
https://github.com/Lucas-Henrique-Lopes-Costa/azeveedo/blob/main/PISOS E REVESTIMENTOS/PISO CERAL A HD 61X61 AROEIRA PLUS 2.65m² CAIXA.png?raw=true,PISO CERAL A HD 61X61 AROEIRA PLUS 2.65m² CAIXA,,PISOS E REVESTIMENTOS,False
https://github.com/Lucas-Henrique-Lopes-Costa/azeveedo/blob/main/PISOS E REVESTIMENTOS/PISO CERAL A HD REVESTIMENTO 32X57 DUNA WHITE 2.22m² CAIXA.png?raw=true,PISO CERAL A HD REVESTIMENTO 32X57 DUNA WHITE 2.22m² CAIXA,,PISOS E REVESTIMENTOS,False
https://github.com/Lucas-Henrique-Lopes-Costa/azeveedo/blob/main/PISOS E REVESTIMENTOS/PISO CERAL A RETIFICADO 82X82 ALEGRO 2.69m² CAIXA.png?raw=true,PISO CERAL A RETIFICADO 82X82 ALEGRO 2.69m² CAIXA,,PISOS E REVESTIMENTOS,False
https://github.com/Lucas-Henrique-Lopes-Costa/azeveedo/blob/main/PISOS E REVESTIMENTOS/PISO CERAL UNIQUE POLIDO RETIFICADO 81X81 BLEU 2.62m² CAIXA.png?raw=true,PISO CERAL UNIQUE POLIDO RETIFICADO 81X81 BLEU 2.62m² CAIXA,,PISOS E REVESTIMENTOS,True
"https://github.com/Lucas-Henrique-Lopes-Costa/azeveedo/blob/main/PISOS E REVESTIMENTOS/PORCELANATO LEF 71X71 POLIDO RETIFICADO METROPOLE BEIGE 1,51m² CAIXA.png?raw=true","PORCELANATO LEF 71X71 POLIDO RETIFICADO METROPOLE BEIGE 1,51m² CAIXA",,PISOS E REVESTIMENTOS,True
https://github.com/Lucas-Henrique-Lopes-Costa/azeveedo/blob/main/PISOS E REVESTIMENTOS/PORCELANATO LEF 72X72 ACETINADO RETIFICADO BRANCO REAL 3D 1.55m² CAIXA.png?raw=true,PORCELANATO LEF 72X72 ACETINADO RETIFICADO BRANCO REAL 3D 1.55m² CAIXA,,PISOS E REVESTIMENTOS,True
https://github.com/Lucas-Henrique-Lopes-Costa/azeveedo/blob/main/PISOS E REVESTIMENTOS/PORCELANATO LEF 72X72 ACETINADO RETIFICADO CALACATA GOLD DECO 1.55m² CAIXA.png?raw=true,PORCELANATO LEF 72X72 ACETINADO RETIFICADO CALACATA GOLD DECO 1.55m² CAIXA,,PISOS E REVESTIMENTOS,True
https://github.com/Lucas-Henrique-Lopes-Costa/azeveedo/blob/main/PISOS E REVESTIMENTOS/PORCELANATO ROCHAFORTE HD RETIFICADO 60X60 POLIDO VILLARICA 1.80m² CAIXA.png?raw=true,PORCELANATO ROCHAFORTE HD RETIFICADO 60X60 POLIDO VILLARICA 1.80m² CAIXA,,PISOS E REVESTIMENTOS,False
https://github.com/Lucas-Henrique-Lopes-Costa/azeveedo/blob/main/PISOS E REVESTIMENTOS/PORCELANATO ROCHAFORTE RETIFICADO 60X60 POLIDO COTTON 1.80m² CAIXA.png?raw=true,PORCELANATO ROCHAFORTE RETIFICADO 60X60 POLIDO COTTON 1.80m² CAIXA,,PISOS E REVESTIMENTOS,False
https://github.com/Lucas-Henrique-Lopes-Costa/azeveedo/blob/main/PISOS E REVESTIMENTOS/PORCELANATO TECNOGRES RETIFICADO 58X58 CIMENTO BRANCO 2.03m² CAIXA.png?raw=true,PORCELANATO TECNOGRES RETIFICADO 58X58 CIMENTO BRANCO 2.03m² CAIXA,,PISOS E REVESTIMENTOS,False
https://github.com/Lucas-Henrique-Lopes-Costa/azeveedo/blob/main/PORTAS E JANELAS/BASCULANTE 40X40 VIDRO LISO ALUMÍNIO MUGITEC.png?raw=true,BASCULANTE 40X40 VIDRO LISO ALUMÍNIO MUGITEC,,PORTAS E JANELAS,True
https://github.com/Lucas-Henrique-Lopes-Costa/azeveedo/blob/main/PORTAS E JANELAS/BASCULANTE VITRO MAXIM-AR TRADICIONAL 50X50 BRANCA QUADRICULADO HAIALA.png?raw=true,BASCULANTE VITRO MAXIM-AR TRADICIONAL 50X50 BRANCA QUADRICULADO HAIALA,,PORTAS E JANELAS,False
https://github.com/Lucas-Henrique-Lopes-Costa/azeveedo/blob/main/PORTAS E JANELAS/JANELA 2 FOLHAS S/G 100X120 VIDRO LISO ALUMÍNIO MUGITEC.png?raw=true,JANELA 2 FOLHAS S_G 100X120 VIDRO LISO ALUMÍNIO MUGITEC,,PORTAS E JANELAS,False
https://github.com/Lucas-Henrique-Lopes-Costa/azeveedo/blob/main/PORTAS E JANELAS/JANELA DE CORRER 120X100 TRADICIONAL QUADRICULADA RQ12 HAIALA.png?raw=true,JANELA DE CORRER 120X100 TRADICIONAL QUADRICULADA RQ12 HAIALA,,PORTAS E JANELAS,False
https://github.com/Lucas-Henrique-Lopes-Costa/azeveedo/blob/main/PORTAS E JANELAS/JANELA DE CORRER 2F 120X100 BRANCA TRADICIONAL QUADRICULADA REQ12 HAIALA.png?raw=true,JANELA DE CORRER 2F 120X100 BRANCA TRADICIONAL QUADRICULADA REQ12 HAIALA,,PORTAS E JANELAS,False
https://github.com/Lucas-Henrique-Lopes-Costa/azeveedo/blob/main/PORTAS E JANELAS/JANELA VENEZIANA 120X100 BRANCA TRADICIONAL QUADRICULADA REQ12 HAIALA.png?raw=true,JANELA VENEZIANA 120X100 BRANCA TRADICIONAL QUADRICULADA REQ12 HAIALA,,PORTAS E JANELAS,False
https://github.com/Lucas-Henrique-Lopes-Costa/azeveedo/blob/main/PORTAS E JANELAS/JANELA VENEZIANA 2 FOLHAS SB COM GRADE 120X100 ALUMINIO MUGITEC.png?raw=true,JANELA VENEZIANA 2 FOLHAS SB COM GRADE 120X100 ALUMINIO MUGITEC,,PORTAS E JANELAS,True
https://github.com/Lucas-Henrique-Lopes-Costa/azeveedo/blob/main/PORTAS E JANELAS/PORTA CAN APD 85X215 DIREITA BRANCA REQ12 HAIALA.png?raw=true,PORTA CAN APD 85X215 DIREITA BRANCA REQ12 HAIALA,,PORTAS E JANELAS,False
https://github.com/Lucas-Henrique-Lopes-Costa/azeveedo/blob/main/PORTAS E JANELAS/PORTA COM BASC. VIDRO LISO 210X86 DIREITA ALUMÍNIO MUGITEC.png?raw=true,PORTA COM BASC. VIDRO LISO 210X86 DIREITA ALUMÍNIO MUGITEC,,PORTAS E JANELAS,False
https://github.com/Lucas-Henrique-Lopes-Costa/azeveedo/blob/main/PORTAS E JANELAS/PORTA DE CORRER 3 FOLHAS 150 X 215 DIREITA BRANCA DIV CENTER REQ14 HAIALA.png?raw=true,PORTA DE CORRER 3 FOLHAS 150 X 215 DIREITA BRANCA DIV CENTER REQ14 HAIALA,,PORTAS E JANELAS,False
https://github.com/Lucas-Henrique-Lopes-Costa/azeveedo/blob/main/PORTAS E JANELAS/PORTA LAMBRI APD 100X216 DIREITA BRANCA REQ12 HAIALA.png?raw=true,PORTA LAMBRI APD 100X216 DIREITA BRANCA REQ12 HAIALA,,PORTAS E JANELAS,True
https://github.com/Lucas-Henrique-Lopes-Costa/azeveedo/blob/main/PORTAS E JANELAS/PORTA PIVOTANTE APD 110X215 DIREITA PRETA REQ12 HAIALA.png?raw=true,PORTA PIVOTANTE APD 110X215 DIREITA PRETA REQ12 HAIALA,,PORTAS E JANELAS,False
https://github.com/Lucas-Henrique-Lopes-Costa/azeveedo/blob/main/PORTAS E JANELAS/PORTA PIVOTANTE APD 110X215 ESQUERDA BRANCA REQ12 HAIALA.png?raw=true,PORTA PIVOTANTE APD 110X215 ESQUERDA BRANCA REQ12 HAIALA,,PORTAS E JANELAS,False
https://github.com/Lucas-Henrique-Lopes-Costa/azeveedo/blob/main/PORTAS E JANELAS/PORTA SOCIAL 85X212 DIREITA BRANCA TRADICIONAL QUADRICULADA HAIALA.png?raw=true,PORTA SOCIAL 85X212 DIREITA BRANCA TRADICIONAL QUADRICULADA HAIALA,,PORTAS E JANELAS,False
https://github.com/Lucas-Henrique-Lopes-Costa/azeveedo/blob/main/PORTAS E JANELAS/PORTA VENEZIANA 210X66 DIREITA ALUMÍNIO MUGITEC.png?raw=true,PORTA VENEZIANA 210X66 DIREITA ALUMÍNIO MUGITEC,,PORTAS E JANELAS,False
https://github.com/Lucas-Henrique-Lopes-Costa/azeveedo/blob/main/PORTAS E JANELAS/PORTA VENEZIANA APD 85X215 DIREITA BRANCA REQ12 HAIALA.png?raw=true,PORTA VENEZIANA APD 85X215 DIREITA BRANCA REQ12 HAIALA,,PORTAS E JANELAS,False
https://github.com/Lucas-Henrique-Lopes-Costa/azeveedo/blob/main/PORTAS E JANELAS/PORTA VENEZIANA BRANCA 210X66 DIREITA ALUMÍNIO MUGITEC.png?raw=true,PORTA VENEZIANA BRANCA 210X66 DIREITA ALUMÍNIO MUGITEC,,PORTAS E JANELAS,True
https://github.com/Lucas-Henrique-Lopes-Costa/azeveedo/blob/main/PORTAS E JANELAS/PORTA VENEZIANA MISTA 85X215 DIREITA BRANCA QUADRICULADA REQ12 HAIALA.png?raw=true,PORTA VENEZIANA MISTA 85X215 DIREITA BRANCA QUADRICULADA REQ12 HAIALA,,PORTAS E JANELAS,False
https://github.com/Lucas-Henrique-Lopes-Costa/azeveedo/blob/main/PORTAS E JANELAS/PORTA VENEZIANA TRADICIONAL EXTRA 85X212 DIREITA REQ12 HAIALA.png?raw=true,PORTA VENEZIANA TRADICIONAL EXTRA 85X212 DIREITA REQ12 HAIALA,,PORTAS E JANELAS,False
"https://github.com/Lucas-Henrique-Lopes-Costa/azeveedo/blob/main/PORTAS E JANELAS/PORTAÇO KIT MOGNO/ARO ALUMÍNIO 213X64,5 DIREITA MUGITEC.png?raw=true","PORTAÇO KIT MOGNO_ARO ALUMÍNIO 213X64,5 DIREITA MUGITEC",,PORTAS E JANELAS,False
https://github.com/Lucas-Henrique-Lopes-Costa/azeveedo/blob/main/TINTAS/BANDEJA PARA PINTURA COM ROLO 5 PEÇAS ATLAS.png?raw=true,BANDEJA PARA PINTURA COM ROLO 5 PEÇAS ATLAS,"O Kit de Pintura e Acabamento Atlas 5 Peças é ideal para pintura em superfícies lisas e semi rugosas. Deve ser usado com tintas acrílicas, látex (PVA) e esmaltes.

O kit contém:
- 1x Bandeja 2,7 litros;
- 1x Trincha de 1” de Cerdas Gris;
- 1x Rolo de Espuma 9 cm;
- 1x Garfo com Buchas sem Rosca 23 cm;
- 1x Rolo em Lã de Poliéster de Alta Densidade 23 cm (altura da lã de 16 mm).",TINTAS,True
https://github.com/Lucas-Henrique-Lopes-Costa/azeveedo/blob/main/TINTAS/CORANTE PRETO 50ML HIDRACOR/CHEMICOLOR/TEKBOND.png?raw=true,CORANTE PRETO 50ML HIDRACOR_CHEMICOLOR_TEKBOND,,TINTAS,False
https://github.com/Lucas-Henrique-Lopes-Costa/azeveedo/blob/main/TINTAS/ESMALTE SINTÉTICO 3600ML BRILHANTE AREIA FUTURA.png?raw=true,ESMALTE SINTÉTICO 3600ML BRILHANTE AREIA FUTURA,"O ESMALTE SINTÉTICO BRILHANTE FUTURIT BRILHANTE não descasca, tem secagem rápida para agilidade no processo de pintura, ótimo poder de cobertura, alastramento, rendimento e boa resistência ao intemperismo. Para pintura de superfícies internas e externas de madeiras ou metais ferrosos, galvanizados, alumínio e PVC.",TINTAS,False
https://github.com/Lucas-Henrique-Lopes-Costa/azeveedo/blob/main/TINTAS/EXTENSOR PARA SUP. ROLO 1600 2 METROS ATLAS.png?raw=true,EXTENSOR PARA SUP. ROLO 1600 2 METROS ATLAS,"Com estrutura de chapa metálica revestida, extensível e ajustável até 2 metros. Utilizado para maior alcance com garfos de pintura com ou sem rosca em locais de difícil acesso.",TINTAS,True
https://github.com/Lucas-Henrique-Lopes-Costa/azeveedo/blob/main/TINTAS/FITA CREPE 24MMX50MT USO GERAL.png?raw=true,FITA CREPE 24MMX50MT USO GERAL,,TINTAS,True
https://github.com/Lucas-Henrique-Lopes-Costa/azeveedo/blob/main/TINTAS/FITA CREPE 24MMX50MT USO GERAL KALA/ADERE/QUARTZOLIT.png?raw=true,FITA CREPE 24MMX50MT USO GERAL KALA_ADERE_QUARTZOLIT,,TINTAS,False
https://github.com/Lucas-Henrique-Lopes-Costa/azeveedo/blob/main/TINTAS/LIXA MASSA GRÃO 220 QUARTZOLIT.png?raw=true,LIXA MASSA GRÃO 220 QUARTZOLIT,"A LIXA MASSA E UTILIZADA NA REMOÇÃO DE IMPERFEIÇÕES E NO ALINHAMENTO DE DIFERENTES SUPERFÍCIES, COMO: MASSA CORRIDA, MASSA ACRILICA, GESSO, REBOCOS E ARGAMASSAS.",TINTAS,True
https://github.com/Lucas-Henrique-Lopes-Costa/azeveedo/blob/main/TINTAS/ROLO ESPUMA POLYESTER 15CM CINZA ATLAS.png?raw=true,ROLO ESPUMA POLYESTER 15CM CINZA ATLAS,"Rolos de espuma 100% poliéster e com densidade 30 (kg/m³). Resistentes a solventes minerais. Indicado para superfícies lisas. Use com tintas esmalte, verniz, acrílica (pva). Produto resistente a solventes minerais, não utilizar com thinner.",TINTAS,True
https://github.com/Lucas-Henrique-Lopes-Costa/azeveedo/blob/main/TINTAS/ROLO LÃ NATURAL 23CM 328/22 ATLAS.png?raw=true,ROLO LÃ NATURAL 23CM 328_22 ATLAS,"Rolo 100% lã natural tramada em tecido.

Indicação de uso:
Ideal para pinturas em superfícies semi-rugosas com tinta látex, acrílica, PVA, óleo e esmalte.",TINTAS,False
https://github.com/Lucas-Henrique-Lopes-Costa/azeveedo/blob/main/TINTAS/SPRAY TEKBOND BRANCO BRILHANTE 350ML USO GERAL.png?raw=true,SPRAY TEKBOND BRANCO BRILHANTE 350ML USO GERAL,"A Tinta Spray Uso Geral Tekbond foi desenvolvida com resinas acrílicas de secagem rápida e ótima resistência as intempéries, proporcionam excelentes acabamentos, poder de cobertura e efeito decorativo.
Pode ser utilizada em ambientes internos e externos para aplicações em ferro, aço, madeira, cerâmica, gesso, entre outros.",TINTAS,True
https://github.com/Lucas-Henrique-Lopes-Costa/azeveedo/blob/main/TINTAS/TINTA CORTEX ACRILICA 18LT BRANCO FUTURA.png?raw=true,TINTA CORTEX ACRILICA 18LT BRANCO FUTURA,"Tinta Acrilica Cortex e um Produto Com Minimo Odor (sem Cheiro Apos 3 Horas de Aplicacao em Ambiente Ventilado), Indicado Para Pintura de Superficies Internas de Alvenaria, Massa Corrida ou Acrilica, Texturas e Gesso. Tinta Acrilica Cortex Proporciona Otimo Rendimento e Cobertura, Com Acabamento Fosco. inovadora e Economica, e a Tinta Ideal Para Quem Procura Uma Otima Finalizacao e Uma Aplicacao Eficiente e Sem Cheiro. Reveste Superficies Internas de Alvenaria, Massa Corrida ou Acrilica, Texturas e Gesso. Com a Tinta Acrilica Cortex Economica Sua Casa Tem Tudo Para Ganhar Mais Vida.",TINTAS,False
https://github.com/Lucas-Henrique-Lopes-Costa/azeveedo/blob/main/TINTAS/TINTA LATEX ACRILICA STANDARD 18LT AREIA FUTURA.png?raw=true,TINTA LATEX ACRILICA STANDARD 18LT AREIA FUTURA,"A Tinta Latex Acrilica Super Rendimento Futura Standard Oferece Excelente Cobertura e Alto Rendimento: Ate 500 M/lata/demao, Otimo Alastramento e Fino Acabamento, Com Boa Resistencia ao Intemperismo. Diferenciais: Alto Rendimento Com Cobertura, Diluido Com Ate 50% de Agua Limpa, Baixo Respingamento, Sem Cheiro Apos 03 Horas da Aplicacao. Indicado Para Pintura de Superficies Externas e Internas de Alvenaria, Massa Corrida (pva) ou Acrilica, Texturas, Gesso ou Fibrocimento.",TINTAS,False
https://github.com/Lucas-Henrique-Lopes-Costa/azeveedo/blob/main/TINTAS/TINTA PISO 18LT AMARELO FUTURA.png?raw=true,TINTA PISO 18LT AMARELO FUTURA,"A tinta acrílica fosco para piso futura premium possui resistência incomparável ao atrito e desbotamento em pisos de áreas internas e externas. Proteção completa para pisos residenciais ou comerciais, cimentados, quadras poliesportivas, vagas demarcadas de estacionamentos e garagens, além de áreas de recreação.",TINTAS,True
https://github.com/Lucas-Henrique-Lopes-Costa/azeveedo/blob/main/TINTAS/TINTA SEMIBRILHO 18LT AREIA FUTURA.png?raw=true,TINTA SEMIBRILHO 18LT AREIA FUTURA,"A TINTA ACRÍLICA SEMIBRILHO ALUMIAR proporciona um acabamento de alta resistência à lavabilidade e ao intemperismo, maior facilidade de limpeza da superfície pintada, além de um brilho acentuado para destacar a beleza do ambiente.",TINTAS,False
"https://github.com/Lucas-Henrique-Lopes-Costa/azeveedo/blob/main/TINTAS/TRINCHA 319X2.1/2"" 319/6 ATLAS.png?raw=true","TRINCHA 319X2.1_2"" 319_6 ATLAS",Trincha com cerdas pretas selecionadas. Para aplicações em pequenas superfícies.,TINTAS,False
https://github.com/Lucas-Henrique-Lopes-Costa/azeveedo/blob/main/TINTAS/VERNIZ 3600ML MOGNO DUPLO FILTRO SOLAR FUTURA.png?raw=true,VERNIZ 3600ML MOGNO DUPLO FILTRO SOLAR FUTURA,"O Verniz para Madeira Duplo Filtro Solar Futura tem aditivos absorvedores de raios ultravioletas que agem como filtro solar, protegendo e embelezando a madeira por mais tempo, de fácil aplicação e ótima resistência.",TINTAS,True
